C:\Users\User\Downloads\SmartTech\term1-simulator-windows\IMG\center_2023_11_27_13_51_41_246.jpg,C:\Users\User\Downloads\SmartTech\term1-simulator-windows\IMG\left_2023_11_27_13_51_41_246.jpg,C:\Users\User\Downloads\SmartTech\term1-simulator-windows\IMG\right_2023_11_27_13_51_41_246.jpg,0,0,0,2.338686E-05
C:\Users\User\Downloads\SmartTech\term1-simulator-windows\IMG\center_2023_11_27_13_51_41_317.jpg,C:\Users\User\Downloads\SmartTech\term1-simulator-windows\IMG\left_2023_11_27_13_51_41_317.jpg,C:\Users\User\Downloads\SmartTech\term1-simulator-windows\IMG\right_2023_11_27_13_51_41_317.jpg,0,0,0,7.289652E-06
C:\Users\User\Downloads\SmartTech\term1-simulator-windows\IMG\center_2023_11_27_13_51_41_390.jpg,C:\Users\User\Downloads\SmartTech\term1-simulator-windows\IMG\left_2023_11_27_13_51_41_390.jpg,C:\Users\User\Downloads\SmartTech\term1-simulator-windows\IMG\right_2023_11_27_13_51_41_390.jpg,0,0,0,3.702947E-06
C:\Users\User\Downloads\SmartTech\term1-simulator-windows\IMG\center_2023_11_27_13_51_41_456.jpg,C:\Users\User\Downloads\SmartTech\term1-simulator-windows\IMG\left_2023_11_27_13_51_41_456.jpg,C:\Users\User\Downloads\SmartTech\term1-simulator-windows\IMG\right_2023_11_27_13_51_41_456.jpg,0,0,0,2.310658E-06
C:\Users\User\Downloads\SmartTech\term1-simulator-windows\IMG\center_2023_11_27_13_51_41_526.jpg,C:\Users\User\Downloads\SmartTech\term1-simulator-windows\IMG\left_2023_11_27_13_51_41_526.jpg,C:\Users\User\Downloads\SmartTech\term1-simulator-windows\IMG\right_2023_11_27_13_51_41_526.jpg,0,0,0,2.459412E-06
C:\Users\User\Downloads\SmartTech\term1-simulator-windows\IMG\center_2023_11_27_13_51_41_596.jpg,C:\Users\User\Downloads\SmartTech\term1-simulator-windows\IMG\left_2023_11_27_13_51_41_596.jpg,C:\Users\User\Downloads\SmartTech\term1-simulator-windows\IMG\right_2023_11_27_13_51_41_596.jpg,0,0,0,2.956988E-06
C:\Users\User\Downloads\SmartTech\term1-simulator-windows\IMG\center_2023_11_27_13_51_41_671.jpg,C:\Users\User\Downloads\SmartTech\term1-simulator-windows\IMG\left_2023_11_27_13_51_41_671.jpg,C:\Users\User\Downloads\SmartTech\term1-simulator-windows\IMG\right_2023_11_27_13_51_41_671.jpg,0,0,0,7.461668E-06
C:\Users\User\Downloads\SmartTech\term1-simulator-windows\IMG\center_2023_11_27_13_51_41_738.jpg,C:\Users\User\Downloads\SmartTech\term1-simulator-windows\IMG\left_2023_11_27_13_51_41_738.jpg,C:\Users\User\Downloads\SmartTech\term1-simulator-windows\IMG\right_2023_11_27_13_51_41_738.jpg,0,0,0,1.801621E-06
C:\Users\User\Downloads\SmartTech\term1-simulator-windows\IMG\center_2023_11_27_13_51_41_807.jpg,C:\Users\User\Downloads\SmartTech\term1-simulator-windows\IMG\left_2023_11_27_13_51_41_807.jpg,C:\Users\User\Downloads\SmartTech\term1-simulator-windows\IMG\right_2023_11_27_13_51_41_807.jpg,0,0,0,1.632533E-05
C:\Users\User\Downloads\SmartTech\term1-simulator-windows\IMG\center_2023_11_27_13_51_41_877.jpg,C:\Users\User\Downloads\SmartTech\term1-simulator-windows\IMG\left_2023_11_27_13_51_41_877.jpg,C:\Users\User\Downloads\SmartTech\term1-simulator-windows\IMG\right_2023_11_27_13_51_41_877.jpg,0,0,0,2.585071E-05
C:\Users\User\Downloads\SmartTech\term1-simulator-windows\IMG\center_2023_11_27_13_51_41_947.jpg,C:\Users\User\Downloads\SmartTech\term1-simulator-windows\IMG\left_2023_11_27_13_51_41_947.jpg,C:\Users\User\Downloads\SmartTech\term1-simulator-windows\IMG\right_2023_11_27_13_51_41_947.jpg,0,0,0,1.2667E-05
C:\Users\User\Downloads\SmartTech\term1-simulator-windows\IMG\center_2023_11_27_13_51_42_018.jpg,C:\Users\User\Downloads\SmartTech\term1-simulator-windows\IMG\left_2023_11_27_13_51_42_018.jpg,C:\Users\User\Downloads\SmartTech\term1-simulator-windows\IMG\right_2023_11_27_13_51_42_018.jpg,0,0,0,1.09433E-05
C:\Users\User\Downloads\SmartTech\term1-simulator-windows\IMG\center_2023_11_27_13_51_42_091.jpg,C:\Users\User\Downloads\SmartTech\term1-simulator-windows\IMG\left_2023_11_27_13_51_42_091.jpg,C:\Users\User\Downloads\SmartTech\term1-simulator-windows\IMG\right_2023_11_27_13_51_42_091.jpg,0,0.0882069,0,0.00531165
C:\Users\User\Downloads\SmartTech\term1-simulator-windows\IMG\center_2023_11_27_13_51_42_162.jpg,C:\Users\User\Downloads\SmartTech\term1-simulator-windows\IMG\left_2023_11_27_13_51_42_162.jpg,C:\Users\User\Downloads\SmartTech\term1-simulator-windows\IMG\right_2023_11_27_13_51_42_162.jpg,0,0.2773464,0,0.1643138
C:\Users\User\Downloads\SmartTech\term1-simulator-windows\IMG\center_2023_11_27_13_51_42_237.jpg,C:\Users\User\Downloads\SmartTech\term1-simulator-windows\IMG\left_2023_11_27_13_51_42_237.jpg,C:\Users\User\Downloads\SmartTech\term1-simulator-windows\IMG\right_2023_11_27_13_51_42_237.jpg,-0.15,0.523938,0,0.5258943
C:\Users\User\Downloads\SmartTech\term1-simulator-windows\IMG\center_2023_11_27_13_51_42_312.jpg,C:\Users\User\Downloads\SmartTech\term1-simulator-windows\IMG\left_2023_11_27_13_51_42_312.jpg,C:\Users\User\Downloads\SmartTech\term1-simulator-windows\IMG\right_2023_11_27_13_51_42_312.jpg,-0.35,0.748317,0,1.185811
C:\Users\User\Downloads\SmartTech\term1-simulator-windows\IMG\center_2023_11_27_13_51_42_378.jpg,C:\Users\User\Downloads\SmartTech\term1-simulator-windows\IMG\left_2023_11_27_13_51_42_378.jpg,C:\Users\User\Downloads\SmartTech\term1-simulator-windows\IMG\right_2023_11_27_13_51_42_378.jpg,0,0.9274548,0,1.799063
C:\Users\User\Downloads\SmartTech\term1-simulator-windows\IMG\center_2023_11_27_13_51_42_445.jpg,C:\Users\User\Downloads\SmartTech\term1-simulator-windows\IMG\left_2023_11_27_13_51_42_445.jpg,C:\Users\User\Downloads\SmartTech\term1-simulator-windows\IMG\right_2023_11_27_13_51_42_445.jpg,0,1,0,2.477342
C:\Users\User\Downloads\SmartTech\term1-simulator-windows\IMG\center_2023_11_27_13_51_42_514.jpg,C:\Users\User\Downloads\SmartTech\term1-simulator-windows\IMG\left_2023_11_27_13_51_42_514.jpg,C:\Users\User\Downloads\SmartTech\term1-simulator-windows\IMG\right_2023_11_27_13_51_42_514.jpg,0,1,0,3.427257
C:\Users\User\Downloads\SmartTech\term1-simulator-windows\IMG\center_2023_11_27_13_51_42_588.jpg,C:\Users\User\Downloads\SmartTech\term1-simulator-windows\IMG\left_2023_11_27_13_51_42_588.jpg,C:\Users\User\Downloads\SmartTech\term1-simulator-windows\IMG\right_2023_11_27_13_51_42_588.jpg,0,1,0,4.132506
C:\Users\User\Downloads\SmartTech\term1-simulator-windows\IMG\center_2023_11_27_13_51_42_655.jpg,C:\Users\User\Downloads\SmartTech\term1-simulator-windows\IMG\left_2023_11_27_13_51_42_655.jpg,C:\Users\User\Downloads\SmartTech\term1-simulator-windows\IMG\right_2023_11_27_13_51_42_655.jpg,-0.05,1,0,5.064593
C:\Users\User\Downloads\SmartTech\term1-simulator-windows\IMG\center_2023_11_27_13_51_42_724.jpg,C:\Users\User\Downloads\SmartTech\term1-simulator-windows\IMG\left_2023_11_27_13_51_42_724.jpg,C:\Users\User\Downloads\SmartTech\term1-simulator-windows\IMG\right_2023_11_27_13_51_42_724.jpg,-0.2,1,0,5.752427
C:\Users\User\Downloads\SmartTech\term1-simulator-windows\IMG\center_2023_11_27_13_51_42_795.jpg,C:\Users\User\Downloads\SmartTech\term1-simulator-windows\IMG\left_2023_11_27_13_51_42_795.jpg,C:\Users\User\Downloads\SmartTech\term1-simulator-windows\IMG\right_2023_11_27_13_51_42_795.jpg,-0.4,1,0,6.647794
C:\Users\User\Downloads\SmartTech\term1-simulator-windows\IMG\center_2023_11_27_13_51_42_865.jpg,C:\Users\User\Downloads\SmartTech\term1-simulator-windows\IMG\left_2023_11_27_13_51_42_865.jpg,C:\Users\User\Downloads\SmartTech\term1-simulator-windows\IMG\right_2023_11_27_13_51_42_865.jpg,-0.5500001,1,0,7.300921
C:\Users\User\Downloads\SmartTech\term1-simulator-windows\IMG\center_2023_11_27_13_51_42_935.jpg,C:\Users\User\Downloads\SmartTech\term1-simulator-windows\IMG\left_2023_11_27_13_51_42_935.jpg,C:\Users\User\Downloads\SmartTech\term1-simulator-windows\IMG\right_2023_11_27_13_51_42_935.jpg,-0.7500002,1,0,8.142274
C:\Users\User\Downloads\SmartTech\term1-simulator-windows\IMG\center_2023_11_27_13_51_43_003.jpg,C:\Users\User\Downloads\SmartTech\term1-simulator-windows\IMG\left_2023_11_27_13_51_43_003.jpg,C:\Users\User\Downloads\SmartTech\term1-simulator-windows\IMG\right_2023_11_27_13_51_43_003.jpg,0,1,0,8.732134
C:\Users\User\Downloads\SmartTech\term1-simulator-windows\IMG\center_2023_11_27_13_51_43_074.jpg,C:\Users\User\Downloads\SmartTech\term1-simulator-windows\IMG\left_2023_11_27_13_51_43_074.jpg,C:\Users\User\Downloads\SmartTech\term1-simulator-windows\IMG\right_2023_11_27_13_51_43_074.jpg,0,1,0,9.596247
C:\Users\User\Downloads\SmartTech\term1-simulator-windows\IMG\center_2023_11_27_13_51_43_142.jpg,C:\Users\User\Downloads\SmartTech\term1-simulator-windows\IMG\left_2023_11_27_13_51_43_142.jpg,C:\Users\User\Downloads\SmartTech\term1-simulator-windows\IMG\right_2023_11_27_13_51_43_142.jpg,0,1,0,10.26227
C:\Users\User\Downloads\SmartTech\term1-simulator-windows\IMG\center_2023_11_27_13_51_43_210.jpg,C:\Users\User\Downloads\SmartTech\term1-simulator-windows\IMG\left_2023_11_27_13_51_43_210.jpg,C:\Users\User\Downloads\SmartTech\term1-simulator-windows\IMG\right_2023_11_27_13_51_43_210.jpg,0,1,0,11.14653
C:\Users\User\Downloads\SmartTech\term1-simulator-windows\IMG\center_2023_11_27_13_51_43_278.jpg,C:\Users\User\Downloads\SmartTech\term1-simulator-windows\IMG\left_2023_11_27_13_51_43_278.jpg,C:\Users\User\Downloads\SmartTech\term1-simulator-windows\IMG\right_2023_11_27_13_51_43_278.jpg,0,1,0,11.64289
C:\Users\User\Downloads\SmartTech\term1-simulator-windows\IMG\center_2023_11_27_13_51_43_346.jpg,C:\Users\User\Downloads\SmartTech\term1-simulator-windows\IMG\left_2023_11_27_13_51_43_346.jpg,C:\Users\User\Downloads\SmartTech\term1-simulator-windows\IMG\right_2023_11_27_13_51_43_346.jpg,-0.15,1,0,12.49217
C:\Users\User\Downloads\SmartTech\term1-simulator-windows\IMG\center_2023_11_27_13_51_43_419.jpg,C:\Users\User\Downloads\SmartTech\term1-simulator-windows\IMG\left_2023_11_27_13_51_43_419.jpg,C:\Users\User\Downloads\SmartTech\term1-simulator-windows\IMG\right_2023_11_27_13_51_43_419.jpg,-0.35,1,0,13.18867
C:\Users\User\Downloads\SmartTech\term1-simulator-windows\IMG\center_2023_11_27_13_51_43_488.jpg,C:\Users\User\Downloads\SmartTech\term1-simulator-windows\IMG\left_2023_11_27_13_51_43_488.jpg,C:\Users\User\Downloads\SmartTech\term1-simulator-windows\IMG\right_2023_11_27_13_51_43_488.jpg,-0.5000001,1,0,13.82247
C:\Users\User\Downloads\SmartTech\term1-simulator-windows\IMG\center_2023_11_27_13_51_43_558.jpg,C:\Users\User\Downloads\SmartTech\term1-simulator-windows\IMG\left_2023_11_27_13_51_43_558.jpg,C:\Users\User\Downloads\SmartTech\term1-simulator-windows\IMG\right_2023_11_27_13_51_43_558.jpg,-0.7,1,0,14.52363
C:\Users\User\Downloads\SmartTech\term1-simulator-windows\IMG\center_2023_11_27_13_51_43_632.jpg,C:\Users\User\Downloads\SmartTech\term1-simulator-windows\IMG\left_2023_11_27_13_51_43_632.jpg,C:\Users\User\Downloads\SmartTech\term1-simulator-windows\IMG\right_2023_11_27_13_51_43_632.jpg,0,1,0,15.31496
C:\Users\User\Downloads\SmartTech\term1-simulator-windows\IMG\center_2023_11_27_13_51_43_704.jpg,C:\Users\User\Downloads\SmartTech\term1-simulator-windows\IMG\left_2023_11_27_13_51_43_704.jpg,C:\Users\User\Downloads\SmartTech\term1-simulator-windows\IMG\right_2023_11_27_13_51_43_704.jpg,0,1,0,15.97375
C:\Users\User\Downloads\SmartTech\term1-simulator-windows\IMG\center_2023_11_27_13_51_43_778.jpg,C:\Users\User\Downloads\SmartTech\term1-simulator-windows\IMG\left_2023_11_27_13_51_43_778.jpg,C:\Users\User\Downloads\SmartTech\term1-simulator-windows\IMG\right_2023_11_27_13_51_43_778.jpg,0,1,0,16.80619
C:\Users\User\Downloads\SmartTech\term1-simulator-windows\IMG\center_2023_11_27_13_51_43_848.jpg,C:\Users\User\Downloads\SmartTech\term1-simulator-windows\IMG\left_2023_11_27_13_51_43_848.jpg,C:\Users\User\Downloads\SmartTech\term1-simulator-windows\IMG\right_2023_11_27_13_51_43_848.jpg,0,1,0,17.40308
C:\Users\User\Downloads\SmartTech\term1-simulator-windows\IMG\center_2023_11_27_13_51_43_916.jpg,C:\Users\User\Downloads\SmartTech\term1-simulator-windows\IMG\left_2023_11_27_13_51_43_916.jpg,C:\Users\User\Downloads\SmartTech\term1-simulator-windows\IMG\right_2023_11_27_13_51_43_916.jpg,0,1,0,18.23986
C:\Users\User\Downloads\SmartTech\term1-simulator-windows\IMG\center_2023_11_27_13_51_43_984.jpg,C:\Users\User\Downloads\SmartTech\term1-simulator-windows\IMG\left_2023_11_27_13_51_43_984.jpg,C:\Users\User\Downloads\SmartTech\term1-simulator-windows\IMG\right_2023_11_27_13_51_43_984.jpg,0,1,0,18.86919
C:\Users\User\Downloads\SmartTech\term1-simulator-windows\IMG\center_2023_11_27_13_51_44_057.jpg,C:\Users\User\Downloads\SmartTech\term1-simulator-windows\IMG\left_2023_11_27_13_51_44_057.jpg,C:\Users\User\Downloads\SmartTech\term1-simulator-windows\IMG\right_2023_11_27_13_51_44_057.jpg,-0.15,1,0,19.6781
C:\Users\User\Downloads\SmartTech\term1-simulator-windows\IMG\center_2023_11_27_13_51_44_129.jpg,C:\Users\User\Downloads\SmartTech\term1-simulator-windows\IMG\left_2023_11_27_13_51_44_129.jpg,C:\Users\User\Downloads\SmartTech\term1-simulator-windows\IMG\right_2023_11_27_13_51_44_129.jpg,-0.3,1,0,20.24707
C:\Users\User\Downloads\SmartTech\term1-simulator-windows\IMG\center_2023_11_27_13_51_44_197.jpg,C:\Users\User\Downloads\SmartTech\term1-simulator-windows\IMG\left_2023_11_27_13_51_44_197.jpg,C:\Users\User\Downloads\SmartTech\term1-simulator-windows\IMG\right_2023_11_27_13_51_44_197.jpg,-0.5000001,1,0,20.95205
C:\Users\User\Downloads\SmartTech\term1-simulator-windows\IMG\center_2023_11_27_13_51_44_268.jpg,C:\Users\User\Downloads\SmartTech\term1-simulator-windows\IMG\left_2023_11_27_13_51_44_268.jpg,C:\Users\User\Downloads\SmartTech\term1-simulator-windows\IMG\right_2023_11_27_13_51_44_268.jpg,0,1,0,21.45918
C:\Users\User\Downloads\SmartTech\term1-simulator-windows\IMG\center_2023_11_27_13_51_44_340.jpg,C:\Users\User\Downloads\SmartTech\term1-simulator-windows\IMG\left_2023_11_27_13_51_44_340.jpg,C:\Users\User\Downloads\SmartTech\term1-simulator-windows\IMG\right_2023_11_27_13_51_44_340.jpg,0,1,0,22.21373
C:\Users\User\Downloads\SmartTech\term1-simulator-windows\IMG\center_2023_11_27_13_51_44_413.jpg,C:\Users\User\Downloads\SmartTech\term1-simulator-windows\IMG\left_2023_11_27_13_51_44_413.jpg,C:\Users\User\Downloads\SmartTech\term1-simulator-windows\IMG\right_2023_11_27_13_51_44_413.jpg,0,1,0,22.99777
C:\Users\User\Downloads\SmartTech\term1-simulator-windows\IMG\center_2023_11_27_13_51_44_487.jpg,C:\Users\User\Downloads\SmartTech\term1-simulator-windows\IMG\left_2023_11_27_13_51_44_487.jpg,C:\Users\User\Downloads\SmartTech\term1-simulator-windows\IMG\right_2023_11_27_13_51_44_487.jpg,-0.15,1,0,23.59041
C:\Users\User\Downloads\SmartTech\term1-simulator-windows\IMG\center_2023_11_27_13_51_44_557.jpg,C:\Users\User\Downloads\SmartTech\term1-simulator-windows\IMG\left_2023_11_27_13_51_44_557.jpg,C:\Users\User\Downloads\SmartTech\term1-simulator-windows\IMG\right_2023_11_27_13_51_44_557.jpg,-0.35,1,0,24.31547
C:\Users\User\Downloads\SmartTech\term1-simulator-windows\IMG\center_2023_11_27_13_51_44_630.jpg,C:\Users\User\Downloads\SmartTech\term1-simulator-windows\IMG\left_2023_11_27_13_51_44_630.jpg,C:\Users\User\Downloads\SmartTech\term1-simulator-windows\IMG\right_2023_11_27_13_51_44_630.jpg,0,1,0,25.01779
C:\Users\User\Downloads\SmartTech\term1-simulator-windows\IMG\center_2023_11_27_13_51_44_701.jpg,C:\Users\User\Downloads\SmartTech\term1-simulator-windows\IMG\left_2023_11_27_13_51_44_701.jpg,C:\Users\User\Downloads\SmartTech\term1-simulator-windows\IMG\right_2023_11_27_13_51_44_701.jpg,0,1,0,25.58456
C:\Users\User\Downloads\SmartTech\term1-simulator-windows\IMG\center_2023_11_27_13_51_44_774.jpg,C:\Users\User\Downloads\SmartTech\term1-simulator-windows\IMG\left_2023_11_27_13_51_44_774.jpg,C:\Users\User\Downloads\SmartTech\term1-simulator-windows\IMG\right_2023_11_27_13_51_44_774.jpg,0,1,0,26.3432
C:\Users\User\Downloads\SmartTech\term1-simulator-windows\IMG\center_2023_11_27_13_51_44_841.jpg,C:\Users\User\Downloads\SmartTech\term1-simulator-windows\IMG\left_2023_11_27_13_51_44_841.jpg,C:\Users\User\Downloads\SmartTech\term1-simulator-windows\IMG\right_2023_11_27_13_51_44_841.jpg,-0.1,1,0,26.90897
C:\Users\User\Downloads\SmartTech\term1-simulator-windows\IMG\center_2023_11_27_13_51_44_914.jpg,C:\Users\User\Downloads\SmartTech\term1-simulator-windows\IMG\left_2023_11_27_13_51_44_914.jpg,C:\Users\User\Downloads\SmartTech\term1-simulator-windows\IMG\right_2023_11_27_13_51_44_914.jpg,-0.3,1,0,27.61921
C:\Users\User\Downloads\SmartTech\term1-simulator-windows\IMG\center_2023_11_27_13_51_44_987.jpg,C:\Users\User\Downloads\SmartTech\term1-simulator-windows\IMG\left_2023_11_27_13_51_44_987.jpg,C:\Users\User\Downloads\SmartTech\term1-simulator-windows\IMG\right_2023_11_27_13_51_44_987.jpg,0,1,0,28.14959
C:\Users\User\Downloads\SmartTech\term1-simulator-windows\IMG\center_2023_11_27_13_51_45_059.jpg,C:\Users\User\Downloads\SmartTech\term1-simulator-windows\IMG\left_2023_11_27_13_51_45_059.jpg,C:\Users\User\Downloads\SmartTech\term1-simulator-windows\IMG\right_2023_11_27_13_51_45_059.jpg,0,1,0,28.88609
C:\Users\User\Downloads\SmartTech\term1-simulator-windows\IMG\center_2023_11_27_13_51_45_133.jpg,C:\Users\User\Downloads\SmartTech\term1-simulator-windows\IMG\left_2023_11_27_13_51_45_133.jpg,C:\Users\User\Downloads\SmartTech\term1-simulator-windows\IMG\right_2023_11_27_13_51_45_133.jpg,-0.2,1,0,29.61006
C:\Users\User\Downloads\SmartTech\term1-simulator-windows\IMG\center_2023_11_27_13_51_45_203.jpg,C:\Users\User\Downloads\SmartTech\term1-simulator-windows\IMG\left_2023_11_27_13_51_45_203.jpg,C:\Users\User\Downloads\SmartTech\term1-simulator-windows\IMG\right_2023_11_27_13_51_45_203.jpg,-0.35,1,0,30.10582
C:\Users\User\Downloads\SmartTech\term1-simulator-windows\IMG\center_2023_11_27_13_51_45_276.jpg,C:\Users\User\Downloads\SmartTech\term1-simulator-windows\IMG\left_2023_11_27_13_51_45_276.jpg,C:\Users\User\Downloads\SmartTech\term1-simulator-windows\IMG\right_2023_11_27_13_51_45_276.jpg,-0.5500001,1,0,30.14137
C:\Users\User\Downloads\SmartTech\term1-simulator-windows\IMG\center_2023_11_27_13_51_45_350.jpg,C:\Users\User\Downloads\SmartTech\term1-simulator-windows\IMG\left_2023_11_27_13_51_45_350.jpg,C:\Users\User\Downloads\SmartTech\term1-simulator-windows\IMG\right_2023_11_27_13_51_45_350.jpg,-0.7500002,1,0,30.11658
C:\Users\User\Downloads\SmartTech\term1-simulator-windows\IMG\center_2023_11_27_13_51_45_420.jpg,C:\Users\User\Downloads\SmartTech\term1-simulator-windows\IMG\left_2023_11_27_13_51_45_420.jpg,C:\Users\User\Downloads\SmartTech\term1-simulator-windows\IMG\right_2023_11_27_13_51_45_420.jpg,0,1,0,30.17472
C:\Users\User\Downloads\SmartTech\term1-simulator-windows\IMG\center_2023_11_27_13_51_45_489.jpg,C:\Users\User\Downloads\SmartTech\term1-simulator-windows\IMG\left_2023_11_27_13_51_45_489.jpg,C:\Users\User\Downloads\SmartTech\term1-simulator-windows\IMG\right_2023_11_27_13_51_45_489.jpg,0,1,0,30.18624
C:\Users\User\Downloads\SmartTech\term1-simulator-windows\IMG\center_2023_11_27_13_51_45_562.jpg,C:\Users\User\Downloads\SmartTech\term1-simulator-windows\IMG\left_2023_11_27_13_51_45_562.jpg,C:\Users\User\Downloads\SmartTech\term1-simulator-windows\IMG\right_2023_11_27_13_51_45_562.jpg,0,1,0,30.18962
C:\Users\User\Downloads\SmartTech\term1-simulator-windows\IMG\center_2023_11_27_13_51_45_630.jpg,C:\Users\User\Downloads\SmartTech\term1-simulator-windows\IMG\left_2023_11_27_13_51_45_630.jpg,C:\Users\User\Downloads\SmartTech\term1-simulator-windows\IMG\right_2023_11_27_13_51_45_630.jpg,0,1,0,30.19023
C:\Users\User\Downloads\SmartTech\term1-simulator-windows\IMG\center_2023_11_27_13_51_45_699.jpg,C:\Users\User\Downloads\SmartTech\term1-simulator-windows\IMG\left_2023_11_27_13_51_45_699.jpg,C:\Users\User\Downloads\SmartTech\term1-simulator-windows\IMG\right_2023_11_27_13_51_45_699.jpg,0,1,0,30.19029
C:\Users\User\Downloads\SmartTech\term1-simulator-windows\IMG\center_2023_11_27_13_51_45_766.jpg,C:\Users\User\Downloads\SmartTech\term1-simulator-windows\IMG\left_2023_11_27_13_51_45_766.jpg,C:\Users\User\Downloads\SmartTech\term1-simulator-windows\IMG\right_2023_11_27_13_51_45_766.jpg,0,1,0,30.19028
C:\Users\User\Downloads\SmartTech\term1-simulator-windows\IMG\center_2023_11_27_13_51_45_867.jpg,C:\Users\User\Downloads\SmartTech\term1-simulator-windows\IMG\left_2023_11_27_13_51_45_867.jpg,C:\Users\User\Downloads\SmartTech\term1-simulator-windows\IMG\right_2023_11_27_13_51_45_867.jpg,0,1,0,30.19048
C:\Users\User\Downloads\SmartTech\term1-simulator-windows\IMG\center_2023_11_27_13_51_45_934.jpg,C:\Users\User\Downloads\SmartTech\term1-simulator-windows\IMG\left_2023_11_27_13_51_45_934.jpg,C:\Users\User\Downloads\SmartTech\term1-simulator-windows\IMG\right_2023_11_27_13_51_45_934.jpg,0,1,0,30.19036
C:\Users\User\Downloads\SmartTech\term1-simulator-windows\IMG\center_2023_11_27_13_51_46_006.jpg,C:\Users\User\Downloads\SmartTech\term1-simulator-windows\IMG\left_2023_11_27_13_51_46_006.jpg,C:\Users\User\Downloads\SmartTech\term1-simulator-windows\IMG\right_2023_11_27_13_51_46_006.jpg,0,1,0,30.19027
C:\Users\User\Downloads\SmartTech\term1-simulator-windows\IMG\center_2023_11_27_13_51_46_079.jpg,C:\Users\User\Downloads\SmartTech\term1-simulator-windows\IMG\left_2023_11_27_13_51_46_079.jpg,C:\Users\User\Downloads\SmartTech\term1-simulator-windows\IMG\right_2023_11_27_13_51_46_079.jpg,0,1,0,30.18991
C:\Users\User\Downloads\SmartTech\term1-simulator-windows\IMG\center_2023_11_27_13_51_46_149.jpg,C:\Users\User\Downloads\SmartTech\term1-simulator-windows\IMG\left_2023_11_27_13_51_46_149.jpg,C:\Users\User\Downloads\SmartTech\term1-simulator-windows\IMG\right_2023_11_27_13_51_46_149.jpg,0,1,0,30.19034
C:\Users\User\Downloads\SmartTech\term1-simulator-windows\IMG\center_2023_11_27_13_51_46_219.jpg,C:\Users\User\Downloads\SmartTech\term1-simulator-windows\IMG\left_2023_11_27_13_51_46_219.jpg,C:\Users\User\Downloads\SmartTech\term1-simulator-windows\IMG\right_2023_11_27_13_51_46_219.jpg,-0.05,1,0,30.18971
C:\Users\User\Downloads\SmartTech\term1-simulator-windows\IMG\center_2023_11_27_13_51_46_292.jpg,C:\Users\User\Downloads\SmartTech\term1-simulator-windows\IMG\left_2023_11_27_13_51_46_292.jpg,C:\Users\User\Downloads\SmartTech\term1-simulator-windows\IMG\right_2023_11_27_13_51_46_292.jpg,-0.25,1,0,30.17466
C:\Users\User\Downloads\SmartTech\term1-simulator-windows\IMG\center_2023_11_27_13_51_46_364.jpg,C:\Users\User\Downloads\SmartTech\term1-simulator-windows\IMG\left_2023_11_27_13_51_46_364.jpg,C:\Users\User\Downloads\SmartTech\term1-simulator-windows\IMG\right_2023_11_27_13_51_46_364.jpg,0,1,0,30.19079
C:\Users\User\Downloads\SmartTech\term1-simulator-windows\IMG\center_2023_11_27_13_51_46_434.jpg,C:\Users\User\Downloads\SmartTech\term1-simulator-windows\IMG\left_2023_11_27_13_51_46_434.jpg,C:\Users\User\Downloads\SmartTech\term1-simulator-windows\IMG\right_2023_11_27_13_51_46_434.jpg,0,1,0,30.19001
C:\Users\User\Downloads\SmartTech\term1-simulator-windows\IMG\center_2023_11_27_13_51_46_505.jpg,C:\Users\User\Downloads\SmartTech\term1-simulator-windows\IMG\left_2023_11_27_13_51_46_505.jpg,C:\Users\User\Downloads\SmartTech\term1-simulator-windows\IMG\right_2023_11_27_13_51_46_505.jpg,0,1,0,30.19022
C:\Users\User\Downloads\SmartTech\term1-simulator-windows\IMG\center_2023_11_27_13_51_46_579.jpg,C:\Users\User\Downloads\SmartTech\term1-simulator-windows\IMG\left_2023_11_27_13_51_46_579.jpg,C:\Users\User\Downloads\SmartTech\term1-simulator-windows\IMG\right_2023_11_27_13_51_46_579.jpg,-0.05,1,0,30.18995
C:\Users\User\Downloads\SmartTech\term1-simulator-windows\IMG\center_2023_11_27_13_51_46_653.jpg,C:\Users\User\Downloads\SmartTech\term1-simulator-windows\IMG\left_2023_11_27_13_51_46_653.jpg,C:\Users\User\Downloads\SmartTech\term1-simulator-windows\IMG\right_2023_11_27_13_51_46_653.jpg,-0.25,1,0,30.17589
C:\Users\User\Downloads\SmartTech\term1-simulator-windows\IMG\center_2023_11_27_13_51_46_726.jpg,C:\Users\User\Downloads\SmartTech\term1-simulator-windows\IMG\left_2023_11_27_13_51_46_726.jpg,C:\Users\User\Downloads\SmartTech\term1-simulator-windows\IMG\right_2023_11_27_13_51_46_726.jpg,-0.4,1,0,30.15832
C:\Users\User\Downloads\SmartTech\term1-simulator-windows\IMG\center_2023_11_27_13_51_46_798.jpg,C:\Users\User\Downloads\SmartTech\term1-simulator-windows\IMG\left_2023_11_27_13_51_46_798.jpg,C:\Users\User\Downloads\SmartTech\term1-simulator-windows\IMG\right_2023_11_27_13_51_46_798.jpg,0,1,0,30.18654
C:\Users\User\Downloads\SmartTech\term1-simulator-windows\IMG\center_2023_11_27_13_51_46_866.jpg,C:\Users\User\Downloads\SmartTech\term1-simulator-windows\IMG\left_2023_11_27_13_51_46_866.jpg,C:\Users\User\Downloads\SmartTech\term1-simulator-windows\IMG\right_2023_11_27_13_51_46_866.jpg,0,1,0,30.18923
C:\Users\User\Downloads\SmartTech\term1-simulator-windows\IMG\center_2023_11_27_13_51_46_934.jpg,C:\Users\User\Downloads\SmartTech\term1-simulator-windows\IMG\left_2023_11_27_13_51_46_934.jpg,C:\Users\User\Downloads\SmartTech\term1-simulator-windows\IMG\right_2023_11_27_13_51_46_934.jpg,0,1,0,30.19014
C:\Users\User\Downloads\SmartTech\term1-simulator-windows\IMG\center_2023_11_27_13_51_47_006.jpg,C:\Users\User\Downloads\SmartTech\term1-simulator-windows\IMG\left_2023_11_27_13_51_47_006.jpg,C:\Users\User\Downloads\SmartTech\term1-simulator-windows\IMG\right_2023_11_27_13_51_47_006.jpg,0,1,0,30.19028
C:\Users\User\Downloads\SmartTech\term1-simulator-windows\IMG\center_2023_11_27_13_51_47_074.jpg,C:\Users\User\Downloads\SmartTech\term1-simulator-windows\IMG\left_2023_11_27_13_51_47_074.jpg,C:\Users\User\Downloads\SmartTech\term1-simulator-windows\IMG\right_2023_11_27_13_51_47_074.jpg,0,1,0,30.19027
C:\Users\User\Downloads\SmartTech\term1-simulator-windows\IMG\center_2023_11_27_13_51_47_142.jpg,C:\Users\User\Downloads\SmartTech\term1-simulator-windows\IMG\left_2023_11_27_13_51_47_142.jpg,C:\Users\User\Downloads\SmartTech\term1-simulator-windows\IMG\right_2023_11_27_13_51_47_142.jpg,-0.15,1,0,30.18486
C:\Users\User\Downloads\SmartTech\term1-simulator-windows\IMG\center_2023_11_27_13_51_47_211.jpg,C:\Users\User\Downloads\SmartTech\term1-simulator-windows\IMG\left_2023_11_27_13_51_47_211.jpg,C:\Users\User\Downloads\SmartTech\term1-simulator-windows\IMG\right_2023_11_27_13_51_47_211.jpg,0,1,0,30.18494
C:\Users\User\Downloads\SmartTech\term1-simulator-windows\IMG\center_2023_11_27_13_51_47_279.jpg,C:\Users\User\Downloads\SmartTech\term1-simulator-windows\IMG\left_2023_11_27_13_51_47_279.jpg,C:\Users\User\Downloads\SmartTech\term1-simulator-windows\IMG\right_2023_11_27_13_51_47_279.jpg,0,1,0,30.18993
C:\Users\User\Downloads\SmartTech\term1-simulator-windows\IMG\center_2023_11_27_13_51_47_354.jpg,C:\Users\User\Downloads\SmartTech\term1-simulator-windows\IMG\left_2023_11_27_13_51_47_354.jpg,C:\Users\User\Downloads\SmartTech\term1-simulator-windows\IMG\right_2023_11_27_13_51_47_354.jpg,0,1,0,30.19018
C:\Users\User\Downloads\SmartTech\term1-simulator-windows\IMG\center_2023_11_27_13_51_47_423.jpg,C:\Users\User\Downloads\SmartTech\term1-simulator-windows\IMG\left_2023_11_27_13_51_47_423.jpg,C:\Users\User\Downloads\SmartTech\term1-simulator-windows\IMG\right_2023_11_27_13_51_47_423.jpg,-0.05,1,0,30.19008
C:\Users\User\Downloads\SmartTech\term1-simulator-windows\IMG\center_2023_11_27_13_51_47_492.jpg,C:\Users\User\Downloads\SmartTech\term1-simulator-windows\IMG\left_2023_11_27_13_51_47_492.jpg,C:\Users\User\Downloads\SmartTech\term1-simulator-windows\IMG\right_2023_11_27_13_51_47_492.jpg,-0.25,1,0,30.17609
C:\Users\User\Downloads\SmartTech\term1-simulator-windows\IMG\center_2023_11_27_13_51_47_559.jpg,C:\Users\User\Downloads\SmartTech\term1-simulator-windows\IMG\left_2023_11_27_13_51_47_559.jpg,C:\Users\User\Downloads\SmartTech\term1-simulator-windows\IMG\right_2023_11_27_13_51_47_559.jpg,0,1,0,30.19043
C:\Users\User\Downloads\SmartTech\term1-simulator-windows\IMG\center_2023_11_27_13_51_47_631.jpg,C:\Users\User\Downloads\SmartTech\term1-simulator-windows\IMG\left_2023_11_27_13_51_47_631.jpg,C:\Users\User\Downloads\SmartTech\term1-simulator-windows\IMG\right_2023_11_27_13_51_47_631.jpg,0,1,0,30.19053
C:\Users\User\Downloads\SmartTech\term1-simulator-windows\IMG\center_2023_11_27_13_51_47_701.jpg,C:\Users\User\Downloads\SmartTech\term1-simulator-windows\IMG\left_2023_11_27_13_51_47_701.jpg,C:\Users\User\Downloads\SmartTech\term1-simulator-windows\IMG\right_2023_11_27_13_51_47_701.jpg,0,1,0,30.19019
C:\Users\User\Downloads\SmartTech\term1-simulator-windows\IMG\center_2023_11_27_13_51_47_773.jpg,C:\Users\User\Downloads\SmartTech\term1-simulator-windows\IMG\left_2023_11_27_13_51_47_773.jpg,C:\Users\User\Downloads\SmartTech\term1-simulator-windows\IMG\right_2023_11_27_13_51_47_773.jpg,-0.1,1,0,30.18841
C:\Users\User\Downloads\SmartTech\term1-simulator-windows\IMG\center_2023_11_27_13_51_47_848.jpg,C:\Users\User\Downloads\SmartTech\term1-simulator-windows\IMG\left_2023_11_27_13_51_47_848.jpg,C:\Users\User\Downloads\SmartTech\term1-simulator-windows\IMG\right_2023_11_27_13_51_47_848.jpg,-0.25,1,0,30.17591
C:\Users\User\Downloads\SmartTech\term1-simulator-windows\IMG\center_2023_11_27_13_51_47_918.jpg,C:\Users\User\Downloads\SmartTech\term1-simulator-windows\IMG\left_2023_11_27_13_51_47_918.jpg,C:\Users\User\Downloads\SmartTech\term1-simulator-windows\IMG\right_2023_11_27_13_51_47_918.jpg,0,1,0,30.19011
C:\Users\User\Downloads\SmartTech\term1-simulator-windows\IMG\center_2023_11_27_13_51_47_990.jpg,C:\Users\User\Downloads\SmartTech\term1-simulator-windows\IMG\left_2023_11_27_13_51_47_990.jpg,C:\Users\User\Downloads\SmartTech\term1-simulator-windows\IMG\right_2023_11_27_13_51_47_990.jpg,-0.05,1,0,30.19005
C:\Users\User\Downloads\SmartTech\term1-simulator-windows\IMG\center_2023_11_27_13_51_48_061.jpg,C:\Users\User\Downloads\SmartTech\term1-simulator-windows\IMG\left_2023_11_27_13_51_48_061.jpg,C:\Users\User\Downloads\SmartTech\term1-simulator-windows\IMG\right_2023_11_27_13_51_48_061.jpg,-0.2,1,0,30.18148
C:\Users\User\Downloads\SmartTech\term1-simulator-windows\IMG\center_2023_11_27_13_51_48_133.jpg,C:\Users\User\Downloads\SmartTech\term1-simulator-windows\IMG\left_2023_11_27_13_51_48_133.jpg,C:\Users\User\Downloads\SmartTech\term1-simulator-windows\IMG\right_2023_11_27_13_51_48_133.jpg,0,1,0,30.19027
C:\Users\User\Downloads\SmartTech\term1-simulator-windows\IMG\center_2023_11_27_13_51_48_203.jpg,C:\Users\User\Downloads\SmartTech\term1-simulator-windows\IMG\left_2023_11_27_13_51_48_203.jpg,C:\Users\User\Downloads\SmartTech\term1-simulator-windows\IMG\right_2023_11_27_13_51_48_203.jpg,0,1,0,30.18981
C:\Users\User\Downloads\SmartTech\term1-simulator-windows\IMG\center_2023_11_27_13_51_48_275.jpg,C:\Users\User\Downloads\SmartTech\term1-simulator-windows\IMG\left_2023_11_27_13_51_48_275.jpg,C:\Users\User\Downloads\SmartTech\term1-simulator-windows\IMG\right_2023_11_27_13_51_48_275.jpg,-0.05,1,0,30.19007
C:\Users\User\Downloads\SmartTech\term1-simulator-windows\IMG\center_2023_11_27_13_51_48_342.jpg,C:\Users\User\Downloads\SmartTech\term1-simulator-windows\IMG\left_2023_11_27_13_51_48_342.jpg,C:\Users\User\Downloads\SmartTech\term1-simulator-windows\IMG\right_2023_11_27_13_51_48_342.jpg,-0.2,1,0,30.18189
C:\Users\User\Downloads\SmartTech\term1-simulator-windows\IMG\center_2023_11_27_13_51_48_416.jpg,C:\Users\User\Downloads\SmartTech\term1-simulator-windows\IMG\left_2023_11_27_13_51_48_416.jpg,C:\Users\User\Downloads\SmartTech\term1-simulator-windows\IMG\right_2023_11_27_13_51_48_416.jpg,0,1,0,30.18361
C:\Users\User\Downloads\SmartTech\term1-simulator-windows\IMG\center_2023_11_27_13_51_48_491.jpg,C:\Users\User\Downloads\SmartTech\term1-simulator-windows\IMG\left_2023_11_27_13_51_48_491.jpg,C:\Users\User\Downloads\SmartTech\term1-simulator-windows\IMG\right_2023_11_27_13_51_48_491.jpg,0,1,0,30.18953
C:\Users\User\Downloads\SmartTech\term1-simulator-windows\IMG\center_2023_11_27_13_51_48_568.jpg,C:\Users\User\Downloads\SmartTech\term1-simulator-windows\IMG\left_2023_11_27_13_51_48_568.jpg,C:\Users\User\Downloads\SmartTech\term1-simulator-windows\IMG\right_2023_11_27_13_51_48_568.jpg,0,1,0,30.1902
C:\Users\User\Downloads\SmartTech\term1-simulator-windows\IMG\center_2023_11_27_13_51_48_636.jpg,C:\Users\User\Downloads\SmartTech\term1-simulator-windows\IMG\left_2023_11_27_13_51_48_636.jpg,C:\Users\User\Downloads\SmartTech\term1-simulator-windows\IMG\right_2023_11_27_13_51_48_636.jpg,0,1,0,30.19027
C:\Users\User\Downloads\SmartTech\term1-simulator-windows\IMG\center_2023_11_27_13_51_48_708.jpg,C:\Users\User\Downloads\SmartTech\term1-simulator-windows\IMG\left_2023_11_27_13_51_48_708.jpg,C:\Users\User\Downloads\SmartTech\term1-simulator-windows\IMG\right_2023_11_27_13_51_48_708.jpg,-0.1,1,0,30.18839
C:\Users\User\Downloads\SmartTech\term1-simulator-windows\IMG\center_2023_11_27_13_51_48_776.jpg,C:\Users\User\Downloads\SmartTech\term1-simulator-windows\IMG\left_2023_11_27_13_51_48_776.jpg,C:\Users\User\Downloads\SmartTech\term1-simulator-windows\IMG\right_2023_11_27_13_51_48_776.jpg,-0.3,1,0,30.17024
C:\Users\User\Downloads\SmartTech\term1-simulator-windows\IMG\center_2023_11_27_13_51_48_842.jpg,C:\Users\User\Downloads\SmartTech\term1-simulator-windows\IMG\left_2023_11_27_13_51_48_842.jpg,C:\Users\User\Downloads\SmartTech\term1-simulator-windows\IMG\right_2023_11_27_13_51_48_842.jpg,0,1,0,30.18895
C:\Users\User\Downloads\SmartTech\term1-simulator-windows\IMG\center_2023_11_27_13_51_48_913.jpg,C:\Users\User\Downloads\SmartTech\term1-simulator-windows\IMG\left_2023_11_27_13_51_48_913.jpg,C:\Users\User\Downloads\SmartTech\term1-simulator-windows\IMG\right_2023_11_27_13_51_48_913.jpg,0,1,0,30.19011
C:\Users\User\Downloads\SmartTech\term1-simulator-windows\IMG\center_2023_11_27_13_51_48_982.jpg,C:\Users\User\Downloads\SmartTech\term1-simulator-windows\IMG\left_2023_11_27_13_51_48_982.jpg,C:\Users\User\Downloads\SmartTech\term1-simulator-windows\IMG\right_2023_11_27_13_51_48_982.jpg,0,1,0,30.19024
C:\Users\User\Downloads\SmartTech\term1-simulator-windows\IMG\center_2023_11_27_13_51_49_051.jpg,C:\Users\User\Downloads\SmartTech\term1-simulator-windows\IMG\left_2023_11_27_13_51_49_051.jpg,C:\Users\User\Downloads\SmartTech\term1-simulator-windows\IMG\right_2023_11_27_13_51_49_051.jpg,0,1,0,30.19028
C:\Users\User\Downloads\SmartTech\term1-simulator-windows\IMG\center_2023_11_27_13_51_49_125.jpg,C:\Users\User\Downloads\SmartTech\term1-simulator-windows\IMG\left_2023_11_27_13_51_49_125.jpg,C:\Users\User\Downloads\SmartTech\term1-simulator-windows\IMG\right_2023_11_27_13_51_49_125.jpg,-0.1,1,0,30.18804
C:\Users\User\Downloads\SmartTech\term1-simulator-windows\IMG\center_2023_11_27_13_51_49_195.jpg,C:\Users\User\Downloads\SmartTech\term1-simulator-windows\IMG\left_2023_11_27_13_51_49_195.jpg,C:\Users\User\Downloads\SmartTech\term1-simulator-windows\IMG\right_2023_11_27_13_51_49_195.jpg,0,1,0,30.18628
C:\Users\User\Downloads\SmartTech\term1-simulator-windows\IMG\center_2023_11_27_13_51_49_268.jpg,C:\Users\User\Downloads\SmartTech\term1-simulator-windows\IMG\left_2023_11_27_13_51_49_268.jpg,C:\Users\User\Downloads\SmartTech\term1-simulator-windows\IMG\right_2023_11_27_13_51_49_268.jpg,0,1,0,30.19025
C:\Users\User\Downloads\SmartTech\term1-simulator-windows\IMG\center_2023_11_27_13_51_49_342.jpg,C:\Users\User\Downloads\SmartTech\term1-simulator-windows\IMG\left_2023_11_27_13_51_49_342.jpg,C:\Users\User\Downloads\SmartTech\term1-simulator-windows\IMG\right_2023_11_27_13_51_49_342.jpg,-0.05,1,0,30.19004
C:\Users\User\Downloads\SmartTech\term1-simulator-windows\IMG\center_2023_11_27_13_51_49_415.jpg,C:\Users\User\Downloads\SmartTech\term1-simulator-windows\IMG\left_2023_11_27_13_51_49_415.jpg,C:\Users\User\Downloads\SmartTech\term1-simulator-windows\IMG\right_2023_11_27_13_51_49_415.jpg,-0.25,1,0,30.1764
C:\Users\User\Downloads\SmartTech\term1-simulator-windows\IMG\center_2023_11_27_13_51_49_490.jpg,C:\Users\User\Downloads\SmartTech\term1-simulator-windows\IMG\left_2023_11_27_13_51_49_490.jpg,C:\Users\User\Downloads\SmartTech\term1-simulator-windows\IMG\right_2023_11_27_13_51_49_490.jpg,0,1,0,30.19007
C:\Users\User\Downloads\SmartTech\term1-simulator-windows\IMG\center_2023_11_27_13_51_49_565.jpg,C:\Users\User\Downloads\SmartTech\term1-simulator-windows\IMG\left_2023_11_27_13_51_49_565.jpg,C:\Users\User\Downloads\SmartTech\term1-simulator-windows\IMG\right_2023_11_27_13_51_49_565.jpg,0,1,0,30.19015
C:\Users\User\Downloads\SmartTech\term1-simulator-windows\IMG\center_2023_11_27_13_51_49_640.jpg,C:\Users\User\Downloads\SmartTech\term1-simulator-windows\IMG\left_2023_11_27_13_51_49_640.jpg,C:\Users\User\Downloads\SmartTech\term1-simulator-windows\IMG\right_2023_11_27_13_51_49_640.jpg,-0.1,1,0,30.18853
C:\Users\User\Downloads\SmartTech\term1-simulator-windows\IMG\center_2023_11_27_13_51_49_716.jpg,C:\Users\User\Downloads\SmartTech\term1-simulator-windows\IMG\left_2023_11_27_13_51_49_716.jpg,C:\Users\User\Downloads\SmartTech\term1-simulator-windows\IMG\right_2023_11_27_13_51_49_716.jpg,0,1,0,30.18643
C:\Users\User\Downloads\SmartTech\term1-simulator-windows\IMG\center_2023_11_27_13_51_49_789.jpg,C:\Users\User\Downloads\SmartTech\term1-simulator-windows\IMG\left_2023_11_27_13_51_49_789.jpg,C:\Users\User\Downloads\SmartTech\term1-simulator-windows\IMG\right_2023_11_27_13_51_49_789.jpg,0,1,0,30.19002
C:\Users\User\Downloads\SmartTech\term1-simulator-windows\IMG\center_2023_11_27_13_51_49_864.jpg,C:\Users\User\Downloads\SmartTech\term1-simulator-windows\IMG\left_2023_11_27_13_51_49_864.jpg,C:\Users\User\Downloads\SmartTech\term1-simulator-windows\IMG\right_2023_11_27_13_51_49_864.jpg,0,1,0,30.19025
C:\Users\User\Downloads\SmartTech\term1-simulator-windows\IMG\center_2023_11_27_13_51_49_937.jpg,C:\Users\User\Downloads\SmartTech\term1-simulator-windows\IMG\left_2023_11_27_13_51_49_937.jpg,C:\Users\User\Downloads\SmartTech\term1-simulator-windows\IMG\right_2023_11_27_13_51_49_937.jpg,-0.15,1,0,30.18529
C:\Users\User\Downloads\SmartTech\term1-simulator-windows\IMG\center_2023_11_27_13_51_50_008.jpg,C:\Users\User\Downloads\SmartTech\term1-simulator-windows\IMG\left_2023_11_27_13_51_50_008.jpg,C:\Users\User\Downloads\SmartTech\term1-simulator-windows\IMG\right_2023_11_27_13_51_50_008.jpg,-0.3,1,0,30.17044
C:\Users\User\Downloads\SmartTech\term1-simulator-windows\IMG\center_2023_11_27_13_51_50_080.jpg,C:\Users\User\Downloads\SmartTech\term1-simulator-windows\IMG\left_2023_11_27_13_51_50_080.jpg,C:\Users\User\Downloads\SmartTech\term1-simulator-windows\IMG\right_2023_11_27_13_51_50_080.jpg,0,1,0,30.18985
C:\Users\User\Downloads\SmartTech\term1-simulator-windows\IMG\center_2023_11_27_13_51_50_148.jpg,C:\Users\User\Downloads\SmartTech\term1-simulator-windows\IMG\left_2023_11_27_13_51_50_148.jpg,C:\Users\User\Downloads\SmartTech\term1-simulator-windows\IMG\right_2023_11_27_13_51_50_148.jpg,0,1,0,30.19013
C:\Users\User\Downloads\SmartTech\term1-simulator-windows\IMG\center_2023_11_27_13_51_50_223.jpg,C:\Users\User\Downloads\SmartTech\term1-simulator-windows\IMG\left_2023_11_27_13_51_50_223.jpg,C:\Users\User\Downloads\SmartTech\term1-simulator-windows\IMG\right_2023_11_27_13_51_50_223.jpg,-0.2,1,0,30.18196
C:\Users\User\Downloads\SmartTech\term1-simulator-windows\IMG\center_2023_11_27_13_51_50_299.jpg,C:\Users\User\Downloads\SmartTech\term1-simulator-windows\IMG\left_2023_11_27_13_51_50_299.jpg,C:\Users\User\Downloads\SmartTech\term1-simulator-windows\IMG\right_2023_11_27_13_51_50_299.jpg,-0.4,1,0,30.15937
C:\Users\User\Downloads\SmartTech\term1-simulator-windows\IMG\center_2023_11_27_13_51_50_375.jpg,C:\Users\User\Downloads\SmartTech\term1-simulator-windows\IMG\left_2023_11_27_13_51_50_375.jpg,C:\Users\User\Downloads\SmartTech\term1-simulator-windows\IMG\right_2023_11_27_13_51_50_375.jpg,0,1,0,30.17559
C:\Users\User\Downloads\SmartTech\term1-simulator-windows\IMG\center_2023_11_27_13_51_50_451.jpg,C:\Users\User\Downloads\SmartTech\term1-simulator-windows\IMG\left_2023_11_27_13_51_50_451.jpg,C:\Users\User\Downloads\SmartTech\term1-simulator-windows\IMG\right_2023_11_27_13_51_50_451.jpg,0,1,0,30.18773
C:\Users\User\Downloads\SmartTech\term1-simulator-windows\IMG\center_2023_11_27_13_51_50_530.jpg,C:\Users\User\Downloads\SmartTech\term1-simulator-windows\IMG\left_2023_11_27_13_51_50_530.jpg,C:\Users\User\Downloads\SmartTech\term1-simulator-windows\IMG\right_2023_11_27_13_51_50_530.jpg,0,1,0,30.18986
C:\Users\User\Downloads\SmartTech\term1-simulator-windows\IMG\center_2023_11_27_13_51_50_610.jpg,C:\Users\User\Downloads\SmartTech\term1-simulator-windows\IMG\left_2023_11_27_13_51_50_610.jpg,C:\Users\User\Downloads\SmartTech\term1-simulator-windows\IMG\right_2023_11_27_13_51_50_610.jpg,0,1,0,30.19025
C:\Users\User\Downloads\SmartTech\term1-simulator-windows\IMG\center_2023_11_27_13_51_50_677.jpg,C:\Users\User\Downloads\SmartTech\term1-simulator-windows\IMG\left_2023_11_27_13_51_50_677.jpg,C:\Users\User\Downloads\SmartTech\term1-simulator-windows\IMG\right_2023_11_27_13_51_50_677.jpg,0,1,0,30.1903
C:\Users\User\Downloads\SmartTech\term1-simulator-windows\IMG\center_2023_11_27_13_51_50_744.jpg,C:\Users\User\Downloads\SmartTech\term1-simulator-windows\IMG\left_2023_11_27_13_51_50_744.jpg,C:\Users\User\Downloads\SmartTech\term1-simulator-windows\IMG\right_2023_11_27_13_51_50_744.jpg,0,1,0,30.19028
C:\Users\User\Downloads\SmartTech\term1-simulator-windows\IMG\center_2023_11_27_13_51_50_812.jpg,C:\Users\User\Downloads\SmartTech\term1-simulator-windows\IMG\left_2023_11_27_13_51_50_812.jpg,C:\Users\User\Downloads\SmartTech\term1-simulator-windows\IMG\right_2023_11_27_13_51_50_812.jpg,0,1,0,30.19034
C:\Users\User\Downloads\SmartTech\term1-simulator-windows\IMG\center_2023_11_27_13_51_50_882.jpg,C:\Users\User\Downloads\SmartTech\term1-simulator-windows\IMG\left_2023_11_27_13_51_50_882.jpg,C:\Users\User\Downloads\SmartTech\term1-simulator-windows\IMG\right_2023_11_27_13_51_50_882.jpg,0,1,0,30.1903
C:\Users\User\Downloads\SmartTech\term1-simulator-windows\IMG\center_2023_11_27_13_51_50_950.jpg,C:\Users\User\Downloads\SmartTech\term1-simulator-windows\IMG\left_2023_11_27_13_51_50_950.jpg,C:\Users\User\Downloads\SmartTech\term1-simulator-windows\IMG\right_2023_11_27_13_51_50_950.jpg,0,1,0,30.19031
C:\Users\User\Downloads\SmartTech\term1-simulator-windows\IMG\center_2023_11_27_13_51_51_029.jpg,C:\Users\User\Downloads\SmartTech\term1-simulator-windows\IMG\left_2023_11_27_13_51_51_029.jpg,C:\Users\User\Downloads\SmartTech\term1-simulator-windows\IMG\right_2023_11_27_13_51_51_029.jpg,0,1,0,30.1903
C:\Users\User\Downloads\SmartTech\term1-simulator-windows\IMG\center_2023_11_27_13_51_51_110.jpg,C:\Users\User\Downloads\SmartTech\term1-simulator-windows\IMG\left_2023_11_27_13_51_51_110.jpg,C:\Users\User\Downloads\SmartTech\term1-simulator-windows\IMG\right_2023_11_27_13_51_51_110.jpg,-0.05,1,0,30.18967
C:\Users\User\Downloads\SmartTech\term1-simulator-windows\IMG\center_2023_11_27_13_51_51_189.jpg,C:\Users\User\Downloads\SmartTech\term1-simulator-windows\IMG\left_2023_11_27_13_51_51_189.jpg,C:\Users\User\Downloads\SmartTech\term1-simulator-windows\IMG\right_2023_11_27_13_51_51_189.jpg,-0.25,1,0,30.17437
C:\Users\User\Downloads\SmartTech\term1-simulator-windows\IMG\center_2023_11_27_13_51_51_268.jpg,C:\Users\User\Downloads\SmartTech\term1-simulator-windows\IMG\left_2023_11_27_13_51_51_268.jpg,C:\Users\User\Downloads\SmartTech\term1-simulator-windows\IMG\right_2023_11_27_13_51_51_268.jpg,0,1,0,30.18934
C:\Users\User\Downloads\SmartTech\term1-simulator-windows\IMG\center_2023_11_27_13_51_51_346.jpg,C:\Users\User\Downloads\SmartTech\term1-simulator-windows\IMG\left_2023_11_27_13_51_51_346.jpg,C:\Users\User\Downloads\SmartTech\term1-simulator-windows\IMG\right_2023_11_27_13_51_51_346.jpg,0,1,0,30.1902
C:\Users\User\Downloads\SmartTech\term1-simulator-windows\IMG\center_2023_11_27_13_51_51_420.jpg,C:\Users\User\Downloads\SmartTech\term1-simulator-windows\IMG\left_2023_11_27_13_51_51_420.jpg,C:\Users\User\Downloads\SmartTech\term1-simulator-windows\IMG\right_2023_11_27_13_51_51_420.jpg,0,1,0,30.18966
C:\Users\User\Downloads\SmartTech\term1-simulator-windows\IMG\center_2023_11_27_13_51_51_498.jpg,C:\Users\User\Downloads\SmartTech\term1-simulator-windows\IMG\left_2023_11_27_13_51_51_498.jpg,C:\Users\User\Downloads\SmartTech\term1-simulator-windows\IMG\right_2023_11_27_13_51_51_498.jpg,-0.1,1,0,30.18812
C:\Users\User\Downloads\SmartTech\term1-simulator-windows\IMG\center_2023_11_27_13_51_51_574.jpg,C:\Users\User\Downloads\SmartTech\term1-simulator-windows\IMG\left_2023_11_27_13_51_51_574.jpg,C:\Users\User\Downloads\SmartTech\term1-simulator-windows\IMG\right_2023_11_27_13_51_51_574.jpg,-0.3,1,0,30.16985
C:\Users\User\Downloads\SmartTech\term1-simulator-windows\IMG\center_2023_11_27_13_51_51_651.jpg,C:\Users\User\Downloads\SmartTech\term1-simulator-windows\IMG\left_2023_11_27_13_51_51_651.jpg,C:\Users\User\Downloads\SmartTech\term1-simulator-windows\IMG\right_2023_11_27_13_51_51_651.jpg,0,1,0,30.18989
C:\Users\User\Downloads\SmartTech\term1-simulator-windows\IMG\center_2023_11_27_13_51_51_725.jpg,C:\Users\User\Downloads\SmartTech\term1-simulator-windows\IMG\left_2023_11_27_13_51_51_725.jpg,C:\Users\User\Downloads\SmartTech\term1-simulator-windows\IMG\right_2023_11_27_13_51_51_725.jpg,0,1,0,30.19009
C:\Users\User\Downloads\SmartTech\term1-simulator-windows\IMG\center_2023_11_27_13_51_51_800.jpg,C:\Users\User\Downloads\SmartTech\term1-simulator-windows\IMG\left_2023_11_27_13_51_51_800.jpg,C:\Users\User\Downloads\SmartTech\term1-simulator-windows\IMG\right_2023_11_27_13_51_51_800.jpg,0,1,0,30.19026
C:\Users\User\Downloads\SmartTech\term1-simulator-windows\IMG\center_2023_11_27_13_51_51_868.jpg,C:\Users\User\Downloads\SmartTech\term1-simulator-windows\IMG\left_2023_11_27_13_51_51_868.jpg,C:\Users\User\Downloads\SmartTech\term1-simulator-windows\IMG\right_2023_11_27_13_51_51_868.jpg,-0.1,1,0,30.18836
C:\Users\User\Downloads\SmartTech\term1-simulator-windows\IMG\center_2023_11_27_13_51_51_947.jpg,C:\Users\User\Downloads\SmartTech\term1-simulator-windows\IMG\left_2023_11_27_13_51_51_947.jpg,C:\Users\User\Downloads\SmartTech\term1-simulator-windows\IMG\right_2023_11_27_13_51_51_947.jpg,-0.3,1,0,30.17019
C:\Users\User\Downloads\SmartTech\term1-simulator-windows\IMG\center_2023_11_27_13_51_52_023.jpg,C:\Users\User\Downloads\SmartTech\term1-simulator-windows\IMG\left_2023_11_27_13_51_52_023.jpg,C:\Users\User\Downloads\SmartTech\term1-simulator-windows\IMG\right_2023_11_27_13_51_52_023.jpg,0,1,0,30.17961
C:\Users\User\Downloads\SmartTech\term1-simulator-windows\IMG\center_2023_11_27_13_51_52_098.jpg,C:\Users\User\Downloads\SmartTech\term1-simulator-windows\IMG\left_2023_11_27_13_51_52_098.jpg,C:\Users\User\Downloads\SmartTech\term1-simulator-windows\IMG\right_2023_11_27_13_51_52_098.jpg,0,1,0,30.18882
C:\Users\User\Downloads\SmartTech\term1-simulator-windows\IMG\center_2023_11_27_13_51_52_171.jpg,C:\Users\User\Downloads\SmartTech\term1-simulator-windows\IMG\left_2023_11_27_13_51_52_171.jpg,C:\Users\User\Downloads\SmartTech\term1-simulator-windows\IMG\right_2023_11_27_13_51_52_171.jpg,0,1,0,30.19001
C:\Users\User\Downloads\SmartTech\term1-simulator-windows\IMG\center_2023_11_27_13_51_52_249.jpg,C:\Users\User\Downloads\SmartTech\term1-simulator-windows\IMG\left_2023_11_27_13_51_52_249.jpg,C:\Users\User\Downloads\SmartTech\term1-simulator-windows\IMG\right_2023_11_27_13_51_52_249.jpg,0,1,0,30.1904
C:\Users\User\Downloads\SmartTech\term1-simulator-windows\IMG\center_2023_11_27_13_51_52_323.jpg,C:\Users\User\Downloads\SmartTech\term1-simulator-windows\IMG\left_2023_11_27_13_51_52_323.jpg,C:\Users\User\Downloads\SmartTech\term1-simulator-windows\IMG\right_2023_11_27_13_51_52_323.jpg,0,1,0,30.19028
C:\Users\User\Downloads\SmartTech\term1-simulator-windows\IMG\center_2023_11_27_13_51_52_397.jpg,C:\Users\User\Downloads\SmartTech\term1-simulator-windows\IMG\left_2023_11_27_13_51_52_397.jpg,C:\Users\User\Downloads\SmartTech\term1-simulator-windows\IMG\right_2023_11_27_13_51_52_397.jpg,0,1,0,30.1903
C:\Users\User\Downloads\SmartTech\term1-simulator-windows\IMG\center_2023_11_27_13_51_52_475.jpg,C:\Users\User\Downloads\SmartTech\term1-simulator-windows\IMG\left_2023_11_27_13_51_52_475.jpg,C:\Users\User\Downloads\SmartTech\term1-simulator-windows\IMG\right_2023_11_27_13_51_52_475.jpg,-0.2,1,0,30.18027
C:\Users\User\Downloads\SmartTech\term1-simulator-windows\IMG\center_2023_11_27_13_51_52_554.jpg,C:\Users\User\Downloads\SmartTech\term1-simulator-windows\IMG\left_2023_11_27_13_51_52_554.jpg,C:\Users\User\Downloads\SmartTech\term1-simulator-windows\IMG\right_2023_11_27_13_51_52_554.jpg,0,1,0,30.1894
C:\Users\User\Downloads\SmartTech\term1-simulator-windows\IMG\center_2023_11_27_13_51_52_631.jpg,C:\Users\User\Downloads\SmartTech\term1-simulator-windows\IMG\left_2023_11_27_13_51_52_631.jpg,C:\Users\User\Downloads\SmartTech\term1-simulator-windows\IMG\right_2023_11_27_13_51_52_631.jpg,0,1,0,30.1902
C:\Users\User\Downloads\SmartTech\term1-simulator-windows\IMG\center_2023_11_27_13_51_52_708.jpg,C:\Users\User\Downloads\SmartTech\term1-simulator-windows\IMG\left_2023_11_27_13_51_52_708.jpg,C:\Users\User\Downloads\SmartTech\term1-simulator-windows\IMG\right_2023_11_27_13_51_52_708.jpg,0,1,0,30.19028
C:\Users\User\Downloads\SmartTech\term1-simulator-windows\IMG\center_2023_11_27_13_51_52_787.jpg,C:\Users\User\Downloads\SmartTech\term1-simulator-windows\IMG\left_2023_11_27_13_51_52_787.jpg,C:\Users\User\Downloads\SmartTech\term1-simulator-windows\IMG\right_2023_11_27_13_51_52_787.jpg,0,1,0,30.19029
C:\Users\User\Downloads\SmartTech\term1-simulator-windows\IMG\center_2023_11_27_13_51_52_862.jpg,C:\Users\User\Downloads\SmartTech\term1-simulator-windows\IMG\left_2023_11_27_13_51_52_862.jpg,C:\Users\User\Downloads\SmartTech\term1-simulator-windows\IMG\right_2023_11_27_13_51_52_862.jpg,-0.15,1,0,30.18459
C:\Users\User\Downloads\SmartTech\term1-simulator-windows\IMG\center_2023_11_27_13_51_52_940.jpg,C:\Users\User\Downloads\SmartTech\term1-simulator-windows\IMG\left_2023_11_27_13_51_52_940.jpg,C:\Users\User\Downloads\SmartTech\term1-simulator-windows\IMG\right_2023_11_27_13_51_52_940.jpg,0,1,0,30.19095
C:\Users\User\Downloads\SmartTech\term1-simulator-windows\IMG\center_2023_11_27_13_51_53_015.jpg,C:\Users\User\Downloads\SmartTech\term1-simulator-windows\IMG\left_2023_11_27_13_51_53_015.jpg,C:\Users\User\Downloads\SmartTech\term1-simulator-windows\IMG\right_2023_11_27_13_51_53_015.jpg,0,1,0,30.19017
C:\Users\User\Downloads\SmartTech\term1-simulator-windows\IMG\center_2023_11_27_13_51_53_089.jpg,C:\Users\User\Downloads\SmartTech\term1-simulator-windows\IMG\left_2023_11_27_13_51_53_089.jpg,C:\Users\User\Downloads\SmartTech\term1-simulator-windows\IMG\right_2023_11_27_13_51_53_089.jpg,0,1,0,30.19024
C:\Users\User\Downloads\SmartTech\term1-simulator-windows\IMG\center_2023_11_27_13_51_53_168.jpg,C:\Users\User\Downloads\SmartTech\term1-simulator-windows\IMG\left_2023_11_27_13_51_53_168.jpg,C:\Users\User\Downloads\SmartTech\term1-simulator-windows\IMG\right_2023_11_27_13_51_53_168.jpg,0,1,0,30.19029
C:\Users\User\Downloads\SmartTech\term1-simulator-windows\IMG\center_2023_11_27_13_51_53_236.jpg,C:\Users\User\Downloads\SmartTech\term1-simulator-windows\IMG\left_2023_11_27_13_51_53_236.jpg,C:\Users\User\Downloads\SmartTech\term1-simulator-windows\IMG\right_2023_11_27_13_51_53_236.jpg,0,1,0,30.19031
C:\Users\User\Downloads\SmartTech\term1-simulator-windows\IMG\center_2023_11_27_13_51_53_313.jpg,C:\Users\User\Downloads\SmartTech\term1-simulator-windows\IMG\left_2023_11_27_13_51_53_313.jpg,C:\Users\User\Downloads\SmartTech\term1-simulator-windows\IMG\right_2023_11_27_13_51_53_313.jpg,-0.05,1,0,30.1899
C:\Users\User\Downloads\SmartTech\term1-simulator-windows\IMG\center_2023_11_27_13_51_53_393.jpg,C:\Users\User\Downloads\SmartTech\term1-simulator-windows\IMG\left_2023_11_27_13_51_53_393.jpg,C:\Users\User\Downloads\SmartTech\term1-simulator-windows\IMG\right_2023_11_27_13_51_53_393.jpg,-0.25,1,0,30.17491
C:\Users\User\Downloads\SmartTech\term1-simulator-windows\IMG\center_2023_11_27_13_51_53_469.jpg,C:\Users\User\Downloads\SmartTech\term1-simulator-windows\IMG\left_2023_11_27_13_51_53_469.jpg,C:\Users\User\Downloads\SmartTech\term1-simulator-windows\IMG\right_2023_11_27_13_51_53_469.jpg,0,1,0,30.18307
C:\Users\User\Downloads\SmartTech\term1-simulator-windows\IMG\center_2023_11_27_13_51_53_542.jpg,C:\Users\User\Downloads\SmartTech\term1-simulator-windows\IMG\left_2023_11_27_13_51_53_542.jpg,C:\Users\User\Downloads\SmartTech\term1-simulator-windows\IMG\right_2023_11_27_13_51_53_542.jpg,0,1,0,30.18958
C:\Users\User\Downloads\SmartTech\term1-simulator-windows\IMG\center_2023_11_27_13_51_53_616.jpg,C:\Users\User\Downloads\SmartTech\term1-simulator-windows\IMG\left_2023_11_27_13_51_53_616.jpg,C:\Users\User\Downloads\SmartTech\term1-simulator-windows\IMG\right_2023_11_27_13_51_53_616.jpg,0,1,0,30.19017
C:\Users\User\Downloads\SmartTech\term1-simulator-windows\IMG\center_2023_11_27_13_51_53_688.jpg,C:\Users\User\Downloads\SmartTech\term1-simulator-windows\IMG\left_2023_11_27_13_51_53_688.jpg,C:\Users\User\Downloads\SmartTech\term1-simulator-windows\IMG\right_2023_11_27_13_51_53_688.jpg,0,1,0,30.19026
C:\Users\User\Downloads\SmartTech\term1-simulator-windows\IMG\center_2023_11_27_13_51_53_762.jpg,C:\Users\User\Downloads\SmartTech\term1-simulator-windows\IMG\left_2023_11_27_13_51_53_762.jpg,C:\Users\User\Downloads\SmartTech\term1-simulator-windows\IMG\right_2023_11_27_13_51_53_762.jpg,0,1,0,30.19028
C:\Users\User\Downloads\SmartTech\term1-simulator-windows\IMG\center_2023_11_27_13_51_53_834.jpg,C:\Users\User\Downloads\SmartTech\term1-simulator-windows\IMG\left_2023_11_27_13_51_53_834.jpg,C:\Users\User\Downloads\SmartTech\term1-simulator-windows\IMG\right_2023_11_27_13_51_53_834.jpg,0,1,0,30.19031
C:\Users\User\Downloads\SmartTech\term1-simulator-windows\IMG\center_2023_11_27_13_51_53_909.jpg,C:\Users\User\Downloads\SmartTech\term1-simulator-windows\IMG\left_2023_11_27_13_51_53_909.jpg,C:\Users\User\Downloads\SmartTech\term1-simulator-windows\IMG\right_2023_11_27_13_51_53_909.jpg,0,1,0,30.19031
C:\Users\User\Downloads\SmartTech\term1-simulator-windows\IMG\center_2023_11_27_13_51_53_982.jpg,C:\Users\User\Downloads\SmartTech\term1-simulator-windows\IMG\left_2023_11_27_13_51_53_982.jpg,C:\Users\User\Downloads\SmartTech\term1-simulator-windows\IMG\right_2023_11_27_13_51_53_982.jpg,0,1,0,30.1903
C:\Users\User\Downloads\SmartTech\term1-simulator-windows\IMG\center_2023_11_27_13_51_54_056.jpg,C:\Users\User\Downloads\SmartTech\term1-simulator-windows\IMG\left_2023_11_27_13_51_54_056.jpg,C:\Users\User\Downloads\SmartTech\term1-simulator-windows\IMG\right_2023_11_27_13_51_54_056.jpg,0,1,0,30.19028
C:\Users\User\Downloads\SmartTech\term1-simulator-windows\IMG\center_2023_11_27_13_51_54_127.jpg,C:\Users\User\Downloads\SmartTech\term1-simulator-windows\IMG\left_2023_11_27_13_51_54_127.jpg,C:\Users\User\Downloads\SmartTech\term1-simulator-windows\IMG\right_2023_11_27_13_51_54_127.jpg,0,1,0,30.1903
C:\Users\User\Downloads\SmartTech\term1-simulator-windows\IMG\center_2023_11_27_13_51_54_200.jpg,C:\Users\User\Downloads\SmartTech\term1-simulator-windows\IMG\left_2023_11_27_13_51_54_200.jpg,C:\Users\User\Downloads\SmartTech\term1-simulator-windows\IMG\right_2023_11_27_13_51_54_200.jpg,0,1,0,30.19029
C:\Users\User\Downloads\SmartTech\term1-simulator-windows\IMG\center_2023_11_27_13_51_54_273.jpg,C:\Users\User\Downloads\SmartTech\term1-simulator-windows\IMG\left_2023_11_27_13_51_54_273.jpg,C:\Users\User\Downloads\SmartTech\term1-simulator-windows\IMG\right_2023_11_27_13_51_54_273.jpg,-0.1,1,0,30.18765
C:\Users\User\Downloads\SmartTech\term1-simulator-windows\IMG\center_2023_11_27_13_51_54_348.jpg,C:\Users\User\Downloads\SmartTech\term1-simulator-windows\IMG\left_2023_11_27_13_51_54_348.jpg,C:\Users\User\Downloads\SmartTech\term1-simulator-windows\IMG\right_2023_11_27_13_51_54_348.jpg,-0.25,1,0,30.17475
C:\Users\User\Downloads\SmartTech\term1-simulator-windows\IMG\center_2023_11_27_13_51_54_422.jpg,C:\Users\User\Downloads\SmartTech\term1-simulator-windows\IMG\left_2023_11_27_13_51_54_422.jpg,C:\Users\User\Downloads\SmartTech\term1-simulator-windows\IMG\right_2023_11_27_13_51_54_422.jpg,0,1,0,30.19017
C:\Users\User\Downloads\SmartTech\term1-simulator-windows\IMG\center_2023_11_27_13_51_54_495.jpg,C:\Users\User\Downloads\SmartTech\term1-simulator-windows\IMG\left_2023_11_27_13_51_54_495.jpg,C:\Users\User\Downloads\SmartTech\term1-simulator-windows\IMG\right_2023_11_27_13_51_54_495.jpg,0,1,0,30.19023
C:\Users\User\Downloads\SmartTech\term1-simulator-windows\IMG\center_2023_11_27_13_51_54_570.jpg,C:\Users\User\Downloads\SmartTech\term1-simulator-windows\IMG\left_2023_11_27_13_51_54_570.jpg,C:\Users\User\Downloads\SmartTech\term1-simulator-windows\IMG\right_2023_11_27_13_51_54_570.jpg,0,1,0,30.19028
C:\Users\User\Downloads\SmartTech\term1-simulator-windows\IMG\center_2023_11_27_13_51_54_645.jpg,C:\Users\User\Downloads\SmartTech\term1-simulator-windows\IMG\left_2023_11_27_13_51_54_645.jpg,C:\Users\User\Downloads\SmartTech\term1-simulator-windows\IMG\right_2023_11_27_13_51_54_645.jpg,-0.15,1,0,30.18491
C:\Users\User\Downloads\SmartTech\term1-simulator-windows\IMG\center_2023_11_27_13_51_54_725.jpg,C:\Users\User\Downloads\SmartTech\term1-simulator-windows\IMG\left_2023_11_27_13_51_54_725.jpg,C:\Users\User\Downloads\SmartTech\term1-simulator-windows\IMG\right_2023_11_27_13_51_54_725.jpg,0,1,0,30.19084
C:\Users\User\Downloads\SmartTech\term1-simulator-windows\IMG\center_2023_11_27_13_51_54_799.jpg,C:\Users\User\Downloads\SmartTech\term1-simulator-windows\IMG\left_2023_11_27_13_51_54_799.jpg,C:\Users\User\Downloads\SmartTech\term1-simulator-windows\IMG\right_2023_11_27_13_51_54_799.jpg,0,1,0,30.19016
C:\Users\User\Downloads\SmartTech\term1-simulator-windows\IMG\center_2023_11_27_13_51_54_869.jpg,C:\Users\User\Downloads\SmartTech\term1-simulator-windows\IMG\left_2023_11_27_13_51_54_869.jpg,C:\Users\User\Downloads\SmartTech\term1-simulator-windows\IMG\right_2023_11_27_13_51_54_869.jpg,0,1,0,30.19027
C:\Users\User\Downloads\SmartTech\term1-simulator-windows\IMG\center_2023_11_27_13_51_54_947.jpg,C:\Users\User\Downloads\SmartTech\term1-simulator-windows\IMG\left_2023_11_27_13_51_54_947.jpg,C:\Users\User\Downloads\SmartTech\term1-simulator-windows\IMG\right_2023_11_27_13_51_54_947.jpg,0,1,0,30.19028
C:\Users\User\Downloads\SmartTech\term1-simulator-windows\IMG\center_2023_11_27_13_51_55_016.jpg,C:\Users\User\Downloads\SmartTech\term1-simulator-windows\IMG\left_2023_11_27_13_51_55_016.jpg,C:\Users\User\Downloads\SmartTech\term1-simulator-windows\IMG\right_2023_11_27_13_51_55_016.jpg,0,1,0,30.1903
C:\Users\User\Downloads\SmartTech\term1-simulator-windows\IMG\center_2023_11_27_13_51_55_088.jpg,C:\Users\User\Downloads\SmartTech\term1-simulator-windows\IMG\left_2023_11_27_13_51_55_088.jpg,C:\Users\User\Downloads\SmartTech\term1-simulator-windows\IMG\right_2023_11_27_13_51_55_088.jpg,0,1,0,30.19031
C:\Users\User\Downloads\SmartTech\term1-simulator-windows\IMG\center_2023_11_27_13_51_55_161.jpg,C:\Users\User\Downloads\SmartTech\term1-simulator-windows\IMG\left_2023_11_27_13_51_55_161.jpg,C:\Users\User\Downloads\SmartTech\term1-simulator-windows\IMG\right_2023_11_27_13_51_55_161.jpg,-0.2,1,0,30.18001
C:\Users\User\Downloads\SmartTech\term1-simulator-windows\IMG\center_2023_11_27_13_51_55_232.jpg,C:\Users\User\Downloads\SmartTech\term1-simulator-windows\IMG\left_2023_11_27_13_51_55_232.jpg,C:\Users\User\Downloads\SmartTech\term1-simulator-windows\IMG\right_2023_11_27_13_51_55_232.jpg,0,1,0,30.18934
C:\Users\User\Downloads\SmartTech\term1-simulator-windows\IMG\center_2023_11_27_13_51_55_303.jpg,C:\Users\User\Downloads\SmartTech\term1-simulator-windows\IMG\left_2023_11_27_13_51_55_303.jpg,C:\Users\User\Downloads\SmartTech\term1-simulator-windows\IMG\right_2023_11_27_13_51_55_303.jpg,0,1,0,30.19018
C:\Users\User\Downloads\SmartTech\term1-simulator-windows\IMG\center_2023_11_27_13_51_55_376.jpg,C:\Users\User\Downloads\SmartTech\term1-simulator-windows\IMG\left_2023_11_27_13_51_55_376.jpg,C:\Users\User\Downloads\SmartTech\term1-simulator-windows\IMG\right_2023_11_27_13_51_55_376.jpg,0,1,0,30.19027
C:\Users\User\Downloads\SmartTech\term1-simulator-windows\IMG\center_2023_11_27_13_51_55_451.jpg,C:\Users\User\Downloads\SmartTech\term1-simulator-windows\IMG\left_2023_11_27_13_51_55_451.jpg,C:\Users\User\Downloads\SmartTech\term1-simulator-windows\IMG\right_2023_11_27_13_51_55_451.jpg,-0.05,1,0,30.18986
C:\Users\User\Downloads\SmartTech\term1-simulator-windows\IMG\center_2023_11_27_13_51_55_520.jpg,C:\Users\User\Downloads\SmartTech\term1-simulator-windows\IMG\left_2023_11_27_13_51_55_520.jpg,C:\Users\User\Downloads\SmartTech\term1-simulator-windows\IMG\right_2023_11_27_13_51_55_520.jpg,-0.2,1,0,30.18043
C:\Users\User\Downloads\SmartTech\term1-simulator-windows\IMG\center_2023_11_27_13_51_55_588.jpg,C:\Users\User\Downloads\SmartTech\term1-simulator-windows\IMG\left_2023_11_27_13_51_55_588.jpg,C:\Users\User\Downloads\SmartTech\term1-simulator-windows\IMG\right_2023_11_27_13_51_55_588.jpg,0,1,0,30.19085
C:\Users\User\Downloads\SmartTech\term1-simulator-windows\IMG\center_2023_11_27_13_51_55_658.jpg,C:\Users\User\Downloads\SmartTech\term1-simulator-windows\IMG\left_2023_11_27_13_51_55_658.jpg,C:\Users\User\Downloads\SmartTech\term1-simulator-windows\IMG\right_2023_11_27_13_51_55_658.jpg,0,1,0,30.19016
C:\Users\User\Downloads\SmartTech\term1-simulator-windows\IMG\center_2023_11_27_13_51_55_729.jpg,C:\Users\User\Downloads\SmartTech\term1-simulator-windows\IMG\left_2023_11_27_13_51_55_729.jpg,C:\Users\User\Downloads\SmartTech\term1-simulator-windows\IMG\right_2023_11_27_13_51_55_729.jpg,0,1,0,30.19027
C:\Users\User\Downloads\SmartTech\term1-simulator-windows\IMG\center_2023_11_27_13_51_55_809.jpg,C:\Users\User\Downloads\SmartTech\term1-simulator-windows\IMG\left_2023_11_27_13_51_55_809.jpg,C:\Users\User\Downloads\SmartTech\term1-simulator-windows\IMG\right_2023_11_27_13_51_55_809.jpg,-0.2,1,0,30.18085
C:\Users\User\Downloads\SmartTech\term1-simulator-windows\IMG\center_2023_11_27_13_51_55_883.jpg,C:\Users\User\Downloads\SmartTech\term1-simulator-windows\IMG\left_2023_11_27_13_51_55_883.jpg,C:\Users\User\Downloads\SmartTech\term1-simulator-windows\IMG\right_2023_11_27_13_51_55_883.jpg,0,1,0,30.19077
C:\Users\User\Downloads\SmartTech\term1-simulator-windows\IMG\center_2023_11_27_13_51_55_953.jpg,C:\Users\User\Downloads\SmartTech\term1-simulator-windows\IMG\left_2023_11_27_13_51_55_953.jpg,C:\Users\User\Downloads\SmartTech\term1-simulator-windows\IMG\right_2023_11_27_13_51_55_953.jpg,0,1,0,30.19017
C:\Users\User\Downloads\SmartTech\term1-simulator-windows\IMG\center_2023_11_27_13_51_56_023.jpg,C:\Users\User\Downloads\SmartTech\term1-simulator-windows\IMG\left_2023_11_27_13_51_56_023.jpg,C:\Users\User\Downloads\SmartTech\term1-simulator-windows\IMG\right_2023_11_27_13_51_56_023.jpg,0,1,0,30.19026
C:\Users\User\Downloads\SmartTech\term1-simulator-windows\IMG\center_2023_11_27_13_51_56_096.jpg,C:\Users\User\Downloads\SmartTech\term1-simulator-windows\IMG\left_2023_11_27_13_51_56_096.jpg,C:\Users\User\Downloads\SmartTech\term1-simulator-windows\IMG\right_2023_11_27_13_51_56_096.jpg,0,1,0,30.19028
C:\Users\User\Downloads\SmartTech\term1-simulator-windows\IMG\center_2023_11_27_13_51_56_173.jpg,C:\Users\User\Downloads\SmartTech\term1-simulator-windows\IMG\left_2023_11_27_13_51_56_173.jpg,C:\Users\User\Downloads\SmartTech\term1-simulator-windows\IMG\right_2023_11_27_13_51_56_173.jpg,0,1,0,30.19031
C:\Users\User\Downloads\SmartTech\term1-simulator-windows\IMG\center_2023_11_27_13_51_56_249.jpg,C:\Users\User\Downloads\SmartTech\term1-simulator-windows\IMG\left_2023_11_27_13_51_56_249.jpg,C:\Users\User\Downloads\SmartTech\term1-simulator-windows\IMG\right_2023_11_27_13_51_56_249.jpg,0,1,0,30.1903
C:\Users\User\Downloads\SmartTech\term1-simulator-windows\IMG\center_2023_11_27_13_51_56_325.jpg,C:\Users\User\Downloads\SmartTech\term1-simulator-windows\IMG\left_2023_11_27_13_51_56_325.jpg,C:\Users\User\Downloads\SmartTech\term1-simulator-windows\IMG\right_2023_11_27_13_51_56_325.jpg,0,1,0,30.1903
C:\Users\User\Downloads\SmartTech\term1-simulator-windows\IMG\center_2023_11_27_13_51_56_393.jpg,C:\Users\User\Downloads\SmartTech\term1-simulator-windows\IMG\left_2023_11_27_13_51_56_393.jpg,C:\Users\User\Downloads\SmartTech\term1-simulator-windows\IMG\right_2023_11_27_13_51_56_393.jpg,-0.15,1,0,30.18425
C:\Users\User\Downloads\SmartTech\term1-simulator-windows\IMG\center_2023_11_27_13_51_56_463.jpg,C:\Users\User\Downloads\SmartTech\term1-simulator-windows\IMG\left_2023_11_27_13_51_56_463.jpg,C:\Users\User\Downloads\SmartTech\term1-simulator-windows\IMG\right_2023_11_27_13_51_56_463.jpg,-0.3,1,0,30.16928
C:\Users\User\Downloads\SmartTech\term1-simulator-windows\IMG\center_2023_11_27_13_51_56_535.jpg,C:\Users\User\Downloads\SmartTech\term1-simulator-windows\IMG\left_2023_11_27_13_51_56_535.jpg,C:\Users\User\Downloads\SmartTech\term1-simulator-windows\IMG\right_2023_11_27_13_51_56_535.jpg,0,1,0,30.18991
C:\Users\User\Downloads\SmartTech\term1-simulator-windows\IMG\center_2023_11_27_13_51_56_609.jpg,C:\Users\User\Downloads\SmartTech\term1-simulator-windows\IMG\left_2023_11_27_13_51_56_609.jpg,C:\Users\User\Downloads\SmartTech\term1-simulator-windows\IMG\right_2023_11_27_13_51_56_609.jpg,0,1,0,30.19017
C:\Users\User\Downloads\SmartTech\term1-simulator-windows\IMG\center_2023_11_27_13_51_56_684.jpg,C:\Users\User\Downloads\SmartTech\term1-simulator-windows\IMG\left_2023_11_27_13_51_56_684.jpg,C:\Users\User\Downloads\SmartTech\term1-simulator-windows\IMG\right_2023_11_27_13_51_56_684.jpg,0,1,0,30.19027
C:\Users\User\Downloads\SmartTech\term1-simulator-windows\IMG\center_2023_11_27_13_51_56_757.jpg,C:\Users\User\Downloads\SmartTech\term1-simulator-windows\IMG\left_2023_11_27_13_51_56_757.jpg,C:\Users\User\Downloads\SmartTech\term1-simulator-windows\IMG\right_2023_11_27_13_51_56_757.jpg,0,1,0,30.19038
C:\Users\User\Downloads\SmartTech\term1-simulator-windows\IMG\center_2023_11_27_13_51_56_826.jpg,C:\Users\User\Downloads\SmartTech\term1-simulator-windows\IMG\left_2023_11_27_13_51_56_826.jpg,C:\Users\User\Downloads\SmartTech\term1-simulator-windows\IMG\right_2023_11_27_13_51_56_826.jpg,0,1,0,30.19029
C:\Users\User\Downloads\SmartTech\term1-simulator-windows\IMG\center_2023_11_27_13_51_56_896.jpg,C:\Users\User\Downloads\SmartTech\term1-simulator-windows\IMG\left_2023_11_27_13_51_56_896.jpg,C:\Users\User\Downloads\SmartTech\term1-simulator-windows\IMG\right_2023_11_27_13_51_56_896.jpg,0,1,0,30.1903
C:\Users\User\Downloads\SmartTech\term1-simulator-windows\IMG\center_2023_11_27_13_51_56_975.jpg,C:\Users\User\Downloads\SmartTech\term1-simulator-windows\IMG\left_2023_11_27_13_51_56_975.jpg,C:\Users\User\Downloads\SmartTech\term1-simulator-windows\IMG\right_2023_11_27_13_51_56_975.jpg,0,1,0,30.19038
C:\Users\User\Downloads\SmartTech\term1-simulator-windows\IMG\center_2023_11_27_13_51_57_052.jpg,C:\Users\User\Downloads\SmartTech\term1-simulator-windows\IMG\left_2023_11_27_13_51_57_052.jpg,C:\Users\User\Downloads\SmartTech\term1-simulator-windows\IMG\right_2023_11_27_13_51_57_052.jpg,0,1,0,30.19032
C:\Users\User\Downloads\SmartTech\term1-simulator-windows\IMG\center_2023_11_27_13_51_57_127.jpg,C:\Users\User\Downloads\SmartTech\term1-simulator-windows\IMG\left_2023_11_27_13_51_57_127.jpg,C:\Users\User\Downloads\SmartTech\term1-simulator-windows\IMG\right_2023_11_27_13_51_57_127.jpg,0,1,0,30.19029
C:\Users\User\Downloads\SmartTech\term1-simulator-windows\IMG\center_2023_11_27_13_51_57_204.jpg,C:\Users\User\Downloads\SmartTech\term1-simulator-windows\IMG\left_2023_11_27_13_51_57_204.jpg,C:\Users\User\Downloads\SmartTech\term1-simulator-windows\IMG\right_2023_11_27_13_51_57_204.jpg,0,1,0,30.19031
C:\Users\User\Downloads\SmartTech\term1-simulator-windows\IMG\center_2023_11_27_13_51_57_281.jpg,C:\Users\User\Downloads\SmartTech\term1-simulator-windows\IMG\left_2023_11_27_13_51_57_281.jpg,C:\Users\User\Downloads\SmartTech\term1-simulator-windows\IMG\right_2023_11_27_13_51_57_281.jpg,0,1,0,30.19029
C:\Users\User\Downloads\SmartTech\term1-simulator-windows\IMG\center_2023_11_27_13_51_57_356.jpg,C:\Users\User\Downloads\SmartTech\term1-simulator-windows\IMG\left_2023_11_27_13_51_57_356.jpg,C:\Users\User\Downloads\SmartTech\term1-simulator-windows\IMG\right_2023_11_27_13_51_57_356.jpg,0,1,0,30.1903
C:\Users\User\Downloads\SmartTech\term1-simulator-windows\IMG\center_2023_11_27_13_51_57_431.jpg,C:\Users\User\Downloads\SmartTech\term1-simulator-windows\IMG\left_2023_11_27_13_51_57_431.jpg,C:\Users\User\Downloads\SmartTech\term1-simulator-windows\IMG\right_2023_11_27_13_51_57_431.jpg,0,1,0,30.1903
C:\Users\User\Downloads\SmartTech\term1-simulator-windows\IMG\center_2023_11_27_13_51_57_501.jpg,C:\Users\User\Downloads\SmartTech\term1-simulator-windows\IMG\left_2023_11_27_13_51_57_501.jpg,C:\Users\User\Downloads\SmartTech\term1-simulator-windows\IMG\right_2023_11_27_13_51_57_501.jpg,0,1,0,30.19028
C:\Users\User\Downloads\SmartTech\term1-simulator-windows\IMG\center_2023_11_27_13_51_57_576.jpg,C:\Users\User\Downloads\SmartTech\term1-simulator-windows\IMG\left_2023_11_27_13_51_57_576.jpg,C:\Users\User\Downloads\SmartTech\term1-simulator-windows\IMG\right_2023_11_27_13_51_57_576.jpg,-0.15,1,0,30.1842
C:\Users\User\Downloads\SmartTech\term1-simulator-windows\IMG\center_2023_11_27_13_51_57_643.jpg,C:\Users\User\Downloads\SmartTech\term1-simulator-windows\IMG\left_2023_11_27_13_51_57_643.jpg,C:\Users\User\Downloads\SmartTech\term1-simulator-windows\IMG\right_2023_11_27_13_51_57_643.jpg,-0.3,1,0,30.16923
C:\Users\User\Downloads\SmartTech\term1-simulator-windows\IMG\center_2023_11_27_13_51_57_710.jpg,C:\Users\User\Downloads\SmartTech\term1-simulator-windows\IMG\left_2023_11_27_13_51_57_710.jpg,C:\Users\User\Downloads\SmartTech\term1-simulator-windows\IMG\right_2023_11_27_13_51_57_710.jpg,0,1,0,30.1899
C:\Users\User\Downloads\SmartTech\term1-simulator-windows\IMG\center_2023_11_27_13_51_57_778.jpg,C:\Users\User\Downloads\SmartTech\term1-simulator-windows\IMG\left_2023_11_27_13_51_57_778.jpg,C:\Users\User\Downloads\SmartTech\term1-simulator-windows\IMG\right_2023_11_27_13_51_57_778.jpg,0,1,0,30.19009
C:\Users\User\Downloads\SmartTech\term1-simulator-windows\IMG\center_2023_11_27_13_51_57_845.jpg,C:\Users\User\Downloads\SmartTech\term1-simulator-windows\IMG\left_2023_11_27_13_51_57_845.jpg,C:\Users\User\Downloads\SmartTech\term1-simulator-windows\IMG\right_2023_11_27_13_51_57_845.jpg,0,1,0,30.19024
C:\Users\User\Downloads\SmartTech\term1-simulator-windows\IMG\center_2023_11_27_13_51_57_914.jpg,C:\Users\User\Downloads\SmartTech\term1-simulator-windows\IMG\left_2023_11_27_13_51_57_914.jpg,C:\Users\User\Downloads\SmartTech\term1-simulator-windows\IMG\right_2023_11_27_13_51_57_914.jpg,0,1,0,30.19029
C:\Users\User\Downloads\SmartTech\term1-simulator-windows\IMG\center_2023_11_27_13_51_57_983.jpg,C:\Users\User\Downloads\SmartTech\term1-simulator-windows\IMG\left_2023_11_27_13_51_57_983.jpg,C:\Users\User\Downloads\SmartTech\term1-simulator-windows\IMG\right_2023_11_27_13_51_57_983.jpg,0,1,0,30.19028
C:\Users\User\Downloads\SmartTech\term1-simulator-windows\IMG\center_2023_11_27_13_51_58_053.jpg,C:\Users\User\Downloads\SmartTech\term1-simulator-windows\IMG\left_2023_11_27_13_51_58_053.jpg,C:\Users\User\Downloads\SmartTech\term1-simulator-windows\IMG\right_2023_11_27_13_51_58_053.jpg,0,1,0,30.19029
C:\Users\User\Downloads\SmartTech\term1-simulator-windows\IMG\center_2023_11_27_13_51_58_124.jpg,C:\Users\User\Downloads\SmartTech\term1-simulator-windows\IMG\left_2023_11_27_13_51_58_124.jpg,C:\Users\User\Downloads\SmartTech\term1-simulator-windows\IMG\right_2023_11_27_13_51_58_124.jpg,0,1,0,30.1903
C:\Users\User\Downloads\SmartTech\term1-simulator-windows\IMG\center_2023_11_27_13_51_58_192.jpg,C:\Users\User\Downloads\SmartTech\term1-simulator-windows\IMG\left_2023_11_27_13_51_58_192.jpg,C:\Users\User\Downloads\SmartTech\term1-simulator-windows\IMG\right_2023_11_27_13_51_58_192.jpg,0,1,0,30.19029
C:\Users\User\Downloads\SmartTech\term1-simulator-windows\IMG\center_2023_11_27_13_51_58_263.jpg,C:\Users\User\Downloads\SmartTech\term1-simulator-windows\IMG\left_2023_11_27_13_51_58_263.jpg,C:\Users\User\Downloads\SmartTech\term1-simulator-windows\IMG\right_2023_11_27_13_51_58_263.jpg,0,1,0,30.19029
C:\Users\User\Downloads\SmartTech\term1-simulator-windows\IMG\center_2023_11_27_13_51_58_334.jpg,C:\Users\User\Downloads\SmartTech\term1-simulator-windows\IMG\left_2023_11_27_13_51_58_334.jpg,C:\Users\User\Downloads\SmartTech\term1-simulator-windows\IMG\right_2023_11_27_13_51_58_334.jpg,0,1,0,30.19029
C:\Users\User\Downloads\SmartTech\term1-simulator-windows\IMG\center_2023_11_27_13_51_58_408.jpg,C:\Users\User\Downloads\SmartTech\term1-simulator-windows\IMG\left_2023_11_27_13_51_58_408.jpg,C:\Users\User\Downloads\SmartTech\term1-simulator-windows\IMG\right_2023_11_27_13_51_58_408.jpg,0,1,0,30.19031
C:\Users\User\Downloads\SmartTech\term1-simulator-windows\IMG\center_2023_11_27_13_51_58_483.jpg,C:\Users\User\Downloads\SmartTech\term1-simulator-windows\IMG\left_2023_11_27_13_51_58_483.jpg,C:\Users\User\Downloads\SmartTech\term1-simulator-windows\IMG\right_2023_11_27_13_51_58_483.jpg,0,1,0,30.19031
C:\Users\User\Downloads\SmartTech\term1-simulator-windows\IMG\center_2023_11_27_13_51_58_557.jpg,C:\Users\User\Downloads\SmartTech\term1-simulator-windows\IMG\left_2023_11_27_13_51_58_557.jpg,C:\Users\User\Downloads\SmartTech\term1-simulator-windows\IMG\right_2023_11_27_13_51_58_557.jpg,-0.2,1,0,30.17982
C:\Users\User\Downloads\SmartTech\term1-simulator-windows\IMG\center_2023_11_27_13_51_58_628.jpg,C:\Users\User\Downloads\SmartTech\term1-simulator-windows\IMG\left_2023_11_27_13_51_58_628.jpg,C:\Users\User\Downloads\SmartTech\term1-simulator-windows\IMG\right_2023_11_27_13_51_58_628.jpg,0,1,0,30.18969
C:\Users\User\Downloads\SmartTech\term1-simulator-windows\IMG\center_2023_11_27_13_51_58_705.jpg,C:\Users\User\Downloads\SmartTech\term1-simulator-windows\IMG\left_2023_11_27_13_51_58_705.jpg,C:\Users\User\Downloads\SmartTech\term1-simulator-windows\IMG\right_2023_11_27_13_51_58_705.jpg,0,1,0,30.19023
C:\Users\User\Downloads\SmartTech\term1-simulator-windows\IMG\center_2023_11_27_13_51_58_777.jpg,C:\Users\User\Downloads\SmartTech\term1-simulator-windows\IMG\left_2023_11_27_13_51_58_777.jpg,C:\Users\User\Downloads\SmartTech\term1-simulator-windows\IMG\right_2023_11_27_13_51_58_777.jpg,0,1,0,30.19028
C:\Users\User\Downloads\SmartTech\term1-simulator-windows\IMG\center_2023_11_27_13_51_58_848.jpg,C:\Users\User\Downloads\SmartTech\term1-simulator-windows\IMG\left_2023_11_27_13_51_58_848.jpg,C:\Users\User\Downloads\SmartTech\term1-simulator-windows\IMG\right_2023_11_27_13_51_58_848.jpg,0,1,0,30.1903
C:\Users\User\Downloads\SmartTech\term1-simulator-windows\IMG\center_2023_11_27_13_51_58_918.jpg,C:\Users\User\Downloads\SmartTech\term1-simulator-windows\IMG\left_2023_11_27_13_51_58_918.jpg,C:\Users\User\Downloads\SmartTech\term1-simulator-windows\IMG\right_2023_11_27_13_51_58_918.jpg,0,1,0,30.1903
C:\Users\User\Downloads\SmartTech\term1-simulator-windows\IMG\center_2023_11_27_13_51_58_988.jpg,C:\Users\User\Downloads\SmartTech\term1-simulator-windows\IMG\left_2023_11_27_13_51_58_988.jpg,C:\Users\User\Downloads\SmartTech\term1-simulator-windows\IMG\right_2023_11_27_13_51_58_988.jpg,0,1,0,30.19028
C:\Users\User\Downloads\SmartTech\term1-simulator-windows\IMG\center_2023_11_27_13_51_59_064.jpg,C:\Users\User\Downloads\SmartTech\term1-simulator-windows\IMG\left_2023_11_27_13_51_59_064.jpg,C:\Users\User\Downloads\SmartTech\term1-simulator-windows\IMG\right_2023_11_27_13_51_59_064.jpg,0,1,0,30.19031
C:\Users\User\Downloads\SmartTech\term1-simulator-windows\IMG\center_2023_11_27_13_51_59_138.jpg,C:\Users\User\Downloads\SmartTech\term1-simulator-windows\IMG\left_2023_11_27_13_51_59_138.jpg,C:\Users\User\Downloads\SmartTech\term1-simulator-windows\IMG\right_2023_11_27_13_51_59_138.jpg,-0.2,1,0,30.17989
C:\Users\User\Downloads\SmartTech\term1-simulator-windows\IMG\center_2023_11_27_13_51_59_213.jpg,C:\Users\User\Downloads\SmartTech\term1-simulator-windows\IMG\left_2023_11_27_13_51_59_213.jpg,C:\Users\User\Downloads\SmartTech\term1-simulator-windows\IMG\right_2023_11_27_13_51_59_213.jpg,0,1,0,30.18926
C:\Users\User\Downloads\SmartTech\term1-simulator-windows\IMG\center_2023_11_27_13_51_59_290.jpg,C:\Users\User\Downloads\SmartTech\term1-simulator-windows\IMG\left_2023_11_27_13_51_59_290.jpg,C:\Users\User\Downloads\SmartTech\term1-simulator-windows\IMG\right_2023_11_27_13_51_59_290.jpg,0,1,0,30.19016
C:\Users\User\Downloads\SmartTech\term1-simulator-windows\IMG\center_2023_11_27_13_51_59_361.jpg,C:\Users\User\Downloads\SmartTech\term1-simulator-windows\IMG\left_2023_11_27_13_51_59_361.jpg,C:\Users\User\Downloads\SmartTech\term1-simulator-windows\IMG\right_2023_11_27_13_51_59_361.jpg,0,1,0,30.19033
C:\Users\User\Downloads\SmartTech\term1-simulator-windows\IMG\center_2023_11_27_13_51_59_431.jpg,C:\Users\User\Downloads\SmartTech\term1-simulator-windows\IMG\left_2023_11_27_13_51_59_431.jpg,C:\Users\User\Downloads\SmartTech\term1-simulator-windows\IMG\right_2023_11_27_13_51_59_431.jpg,0,1,0,30.19032
C:\Users\User\Downloads\SmartTech\term1-simulator-windows\IMG\center_2023_11_27_13_51_59_504.jpg,C:\Users\User\Downloads\SmartTech\term1-simulator-windows\IMG\left_2023_11_27_13_51_59_504.jpg,C:\Users\User\Downloads\SmartTech\term1-simulator-windows\IMG\right_2023_11_27_13_51_59_504.jpg,0,1,0,30.19025
C:\Users\User\Downloads\SmartTech\term1-simulator-windows\IMG\center_2023_11_27_13_51_59_574.jpg,C:\Users\User\Downloads\SmartTech\term1-simulator-windows\IMG\left_2023_11_27_13_51_59_574.jpg,C:\Users\User\Downloads\SmartTech\term1-simulator-windows\IMG\right_2023_11_27_13_51_59_574.jpg,-0.2,1,0,30.18017
C:\Users\User\Downloads\SmartTech\term1-simulator-windows\IMG\center_2023_11_27_13_51_59_647.jpg,C:\Users\User\Downloads\SmartTech\term1-simulator-windows\IMG\left_2023_11_27_13_51_59_647.jpg,C:\Users\User\Downloads\SmartTech\term1-simulator-windows\IMG\right_2023_11_27_13_51_59_647.jpg,0,1,0,30.18484
C:\Users\User\Downloads\SmartTech\term1-simulator-windows\IMG\center_2023_11_27_13_51_59_718.jpg,C:\Users\User\Downloads\SmartTech\term1-simulator-windows\IMG\left_2023_11_27_13_51_59_718.jpg,C:\Users\User\Downloads\SmartTech\term1-simulator-windows\IMG\right_2023_11_27_13_51_59_718.jpg,0,1,0,30.18972
C:\Users\User\Downloads\SmartTech\term1-simulator-windows\IMG\center_2023_11_27_13_51_59_787.jpg,C:\Users\User\Downloads\SmartTech\term1-simulator-windows\IMG\left_2023_11_27_13_51_59_787.jpg,C:\Users\User\Downloads\SmartTech\term1-simulator-windows\IMG\right_2023_11_27_13_51_59_787.jpg,0,1,0,30.19016
C:\Users\User\Downloads\SmartTech\term1-simulator-windows\IMG\center_2023_11_27_13_51_59_857.jpg,C:\Users\User\Downloads\SmartTech\term1-simulator-windows\IMG\left_2023_11_27_13_51_59_857.jpg,C:\Users\User\Downloads\SmartTech\term1-simulator-windows\IMG\right_2023_11_27_13_51_59_857.jpg,0,1,0,30.19029
C:\Users\User\Downloads\SmartTech\term1-simulator-windows\IMG\center_2023_11_27_13_51_59_927.jpg,C:\Users\User\Downloads\SmartTech\term1-simulator-windows\IMG\left_2023_11_27_13_51_59_927.jpg,C:\Users\User\Downloads\SmartTech\term1-simulator-windows\IMG\right_2023_11_27_13_51_59_927.jpg,0,1,0,30.19021
C:\Users\User\Downloads\SmartTech\term1-simulator-windows\IMG\center_2023_11_27_13_51_59_999.jpg,C:\Users\User\Downloads\SmartTech\term1-simulator-windows\IMG\left_2023_11_27_13_51_59_999.jpg,C:\Users\User\Downloads\SmartTech\term1-simulator-windows\IMG\right_2023_11_27_13_51_59_999.jpg,0,1,0,30.19031
C:\Users\User\Downloads\SmartTech\term1-simulator-windows\IMG\center_2023_11_27_13_52_00_074.jpg,C:\Users\User\Downloads\SmartTech\term1-simulator-windows\IMG\left_2023_11_27_13_52_00_074.jpg,C:\Users\User\Downloads\SmartTech\term1-simulator-windows\IMG\right_2023_11_27_13_52_00_074.jpg,0,1,0,30.19036
C:\Users\User\Downloads\SmartTech\term1-simulator-windows\IMG\center_2023_11_27_13_52_00_145.jpg,C:\Users\User\Downloads\SmartTech\term1-simulator-windows\IMG\left_2023_11_27_13_52_00_145.jpg,C:\Users\User\Downloads\SmartTech\term1-simulator-windows\IMG\right_2023_11_27_13_52_00_145.jpg,0,1,0,30.19027
C:\Users\User\Downloads\SmartTech\term1-simulator-windows\IMG\center_2023_11_27_13_52_00_216.jpg,C:\Users\User\Downloads\SmartTech\term1-simulator-windows\IMG\left_2023_11_27_13_52_00_216.jpg,C:\Users\User\Downloads\SmartTech\term1-simulator-windows\IMG\right_2023_11_27_13_52_00_216.jpg,0,1,0,30.19029
C:\Users\User\Downloads\SmartTech\term1-simulator-windows\IMG\center_2023_11_27_13_52_00_291.jpg,C:\Users\User\Downloads\SmartTech\term1-simulator-windows\IMG\left_2023_11_27_13_52_00_291.jpg,C:\Users\User\Downloads\SmartTech\term1-simulator-windows\IMG\right_2023_11_27_13_52_00_291.jpg,-0.2,1,0,30.17986
C:\Users\User\Downloads\SmartTech\term1-simulator-windows\IMG\center_2023_11_27_13_52_00_367.jpg,C:\Users\User\Downloads\SmartTech\term1-simulator-windows\IMG\left_2023_11_27_13_52_00_367.jpg,C:\Users\User\Downloads\SmartTech\term1-simulator-windows\IMG\right_2023_11_27_13_52_00_367.jpg,0,1,0,30.1897
C:\Users\User\Downloads\SmartTech\term1-simulator-windows\IMG\center_2023_11_27_13_52_00_436.jpg,C:\Users\User\Downloads\SmartTech\term1-simulator-windows\IMG\left_2023_11_27_13_52_00_436.jpg,C:\Users\User\Downloads\SmartTech\term1-simulator-windows\IMG\right_2023_11_27_13_52_00_436.jpg,0,1,0,30.19024
C:\Users\User\Downloads\SmartTech\term1-simulator-windows\IMG\center_2023_11_27_13_52_00_504.jpg,C:\Users\User\Downloads\SmartTech\term1-simulator-windows\IMG\left_2023_11_27_13_52_00_504.jpg,C:\Users\User\Downloads\SmartTech\term1-simulator-windows\IMG\right_2023_11_27_13_52_00_504.jpg,0,1,0,30.19029
C:\Users\User\Downloads\SmartTech\term1-simulator-windows\IMG\center_2023_11_27_13_52_00_582.jpg,C:\Users\User\Downloads\SmartTech\term1-simulator-windows\IMG\left_2023_11_27_13_52_00_582.jpg,C:\Users\User\Downloads\SmartTech\term1-simulator-windows\IMG\right_2023_11_27_13_52_00_582.jpg,0,1,0,30.19029
C:\Users\User\Downloads\SmartTech\term1-simulator-windows\IMG\center_2023_11_27_13_52_00_659.jpg,C:\Users\User\Downloads\SmartTech\term1-simulator-windows\IMG\left_2023_11_27_13_52_00_659.jpg,C:\Users\User\Downloads\SmartTech\term1-simulator-windows\IMG\right_2023_11_27_13_52_00_659.jpg,0,1,0,30.1903
C:\Users\User\Downloads\SmartTech\term1-simulator-windows\IMG\center_2023_11_27_13_52_00_729.jpg,C:\Users\User\Downloads\SmartTech\term1-simulator-windows\IMG\left_2023_11_27_13_52_00_729.jpg,C:\Users\User\Downloads\SmartTech\term1-simulator-windows\IMG\right_2023_11_27_13_52_00_729.jpg,0,1,0,30.1903
C:\Users\User\Downloads\SmartTech\term1-simulator-windows\IMG\center_2023_11_27_13_52_00_799.jpg,C:\Users\User\Downloads\SmartTech\term1-simulator-windows\IMG\left_2023_11_27_13_52_00_799.jpg,C:\Users\User\Downloads\SmartTech\term1-simulator-windows\IMG\right_2023_11_27_13_52_00_799.jpg,-0.15,1,0,30.1843
C:\Users\User\Downloads\SmartTech\term1-simulator-windows\IMG\center_2023_11_27_13_52_00_870.jpg,C:\Users\User\Downloads\SmartTech\term1-simulator-windows\IMG\left_2023_11_27_13_52_00_870.jpg,C:\Users\User\Downloads\SmartTech\term1-simulator-windows\IMG\right_2023_11_27_13_52_00_870.jpg,0,1,0,30.1897
C:\Users\User\Downloads\SmartTech\term1-simulator-windows\IMG\center_2023_11_27_13_52_00_937.jpg,C:\Users\User\Downloads\SmartTech\term1-simulator-windows\IMG\left_2023_11_27_13_52_00_937.jpg,C:\Users\User\Downloads\SmartTech\term1-simulator-windows\IMG\right_2023_11_27_13_52_00_937.jpg,0,1,0,30.19025
C:\Users\User\Downloads\SmartTech\term1-simulator-windows\IMG\center_2023_11_27_13_52_01_006.jpg,C:\Users\User\Downloads\SmartTech\term1-simulator-windows\IMG\left_2023_11_27_13_52_01_006.jpg,C:\Users\User\Downloads\SmartTech\term1-simulator-windows\IMG\right_2023_11_27_13_52_01_006.jpg,0,1,0,30.19027
C:\Users\User\Downloads\SmartTech\term1-simulator-windows\IMG\center_2023_11_27_13_52_01_078.jpg,C:\Users\User\Downloads\SmartTech\term1-simulator-windows\IMG\left_2023_11_27_13_52_01_078.jpg,C:\Users\User\Downloads\SmartTech\term1-simulator-windows\IMG\right_2023_11_27_13_52_01_078.jpg,0,1,0,30.19029
C:\Users\User\Downloads\SmartTech\term1-simulator-windows\IMG\center_2023_11_27_13_52_01_149.jpg,C:\Users\User\Downloads\SmartTech\term1-simulator-windows\IMG\left_2023_11_27_13_52_01_149.jpg,C:\Users\User\Downloads\SmartTech\term1-simulator-windows\IMG\right_2023_11_27_13_52_01_149.jpg,0,1,0,30.1903
C:\Users\User\Downloads\SmartTech\term1-simulator-windows\IMG\center_2023_11_27_13_52_01_217.jpg,C:\Users\User\Downloads\SmartTech\term1-simulator-windows\IMG\left_2023_11_27_13_52_01_217.jpg,C:\Users\User\Downloads\SmartTech\term1-simulator-windows\IMG\right_2023_11_27_13_52_01_217.jpg,0,1,0,30.19032
C:\Users\User\Downloads\SmartTech\term1-simulator-windows\IMG\center_2023_11_27_13_52_01_287.jpg,C:\Users\User\Downloads\SmartTech\term1-simulator-windows\IMG\left_2023_11_27_13_52_01_287.jpg,C:\Users\User\Downloads\SmartTech\term1-simulator-windows\IMG\right_2023_11_27_13_52_01_287.jpg,0,1,0,30.19029
C:\Users\User\Downloads\SmartTech\term1-simulator-windows\IMG\center_2023_11_27_13_52_01_358.jpg,C:\Users\User\Downloads\SmartTech\term1-simulator-windows\IMG\left_2023_11_27_13_52_01_358.jpg,C:\Users\User\Downloads\SmartTech\term1-simulator-windows\IMG\right_2023_11_27_13_52_01_358.jpg,0,1,0,30.19031
C:\Users\User\Downloads\SmartTech\term1-simulator-windows\IMG\center_2023_11_27_13_52_01_431.jpg,C:\Users\User\Downloads\SmartTech\term1-simulator-windows\IMG\left_2023_11_27_13_52_01_431.jpg,C:\Users\User\Downloads\SmartTech\term1-simulator-windows\IMG\right_2023_11_27_13_52_01_431.jpg,0,1,0,30.19029
C:\Users\User\Downloads\SmartTech\term1-simulator-windows\IMG\center_2023_11_27_13_52_01_501.jpg,C:\Users\User\Downloads\SmartTech\term1-simulator-windows\IMG\left_2023_11_27_13_52_01_501.jpg,C:\Users\User\Downloads\SmartTech\term1-simulator-windows\IMG\right_2023_11_27_13_52_01_501.jpg,0,1,0,30.1903
C:\Users\User\Downloads\SmartTech\term1-simulator-windows\IMG\center_2023_11_27_13_52_01_569.jpg,C:\Users\User\Downloads\SmartTech\term1-simulator-windows\IMG\left_2023_11_27_13_52_01_569.jpg,C:\Users\User\Downloads\SmartTech\term1-simulator-windows\IMG\right_2023_11_27_13_52_01_569.jpg,0,1,0,30.19031
C:\Users\User\Downloads\SmartTech\term1-simulator-windows\IMG\center_2023_11_27_13_52_01_638.jpg,C:\Users\User\Downloads\SmartTech\term1-simulator-windows\IMG\left_2023_11_27_13_52_01_638.jpg,C:\Users\User\Downloads\SmartTech\term1-simulator-windows\IMG\right_2023_11_27_13_52_01_638.jpg,0,1,0,30.19031
C:\Users\User\Downloads\SmartTech\term1-simulator-windows\IMG\center_2023_11_27_13_52_01_714.jpg,C:\Users\User\Downloads\SmartTech\term1-simulator-windows\IMG\left_2023_11_27_13_52_01_714.jpg,C:\Users\User\Downloads\SmartTech\term1-simulator-windows\IMG\right_2023_11_27_13_52_01_714.jpg,0,1,0,30.19031
C:\Users\User\Downloads\SmartTech\term1-simulator-windows\IMG\center_2023_11_27_13_52_01_791.jpg,C:\Users\User\Downloads\SmartTech\term1-simulator-windows\IMG\left_2023_11_27_13_52_01_791.jpg,C:\Users\User\Downloads\SmartTech\term1-simulator-windows\IMG\right_2023_11_27_13_52_01_791.jpg,0,1,0,30.19029
C:\Users\User\Downloads\SmartTech\term1-simulator-windows\IMG\center_2023_11_27_13_52_01_865.jpg,C:\Users\User\Downloads\SmartTech\term1-simulator-windows\IMG\left_2023_11_27_13_52_01_865.jpg,C:\Users\User\Downloads\SmartTech\term1-simulator-windows\IMG\right_2023_11_27_13_52_01_865.jpg,0,1,0,30.19031
C:\Users\User\Downloads\SmartTech\term1-simulator-windows\IMG\center_2023_11_27_13_52_01_938.jpg,C:\Users\User\Downloads\SmartTech\term1-simulator-windows\IMG\left_2023_11_27_13_52_01_938.jpg,C:\Users\User\Downloads\SmartTech\term1-simulator-windows\IMG\right_2023_11_27_13_52_01_938.jpg,0,1,0,30.1903
C:\Users\User\Downloads\SmartTech\term1-simulator-windows\IMG\center_2023_11_27_13_52_02_016.jpg,C:\Users\User\Downloads\SmartTech\term1-simulator-windows\IMG\left_2023_11_27_13_52_02_016.jpg,C:\Users\User\Downloads\SmartTech\term1-simulator-windows\IMG\right_2023_11_27_13_52_02_016.jpg,0,1,0,30.1903
C:\Users\User\Downloads\SmartTech\term1-simulator-windows\IMG\center_2023_11_27_13_52_02_092.jpg,C:\Users\User\Downloads\SmartTech\term1-simulator-windows\IMG\left_2023_11_27_13_52_02_092.jpg,C:\Users\User\Downloads\SmartTech\term1-simulator-windows\IMG\right_2023_11_27_13_52_02_092.jpg,0,1,0,30.1903
C:\Users\User\Downloads\SmartTech\term1-simulator-windows\IMG\center_2023_11_27_13_52_02_159.jpg,C:\Users\User\Downloads\SmartTech\term1-simulator-windows\IMG\left_2023_11_27_13_52_02_159.jpg,C:\Users\User\Downloads\SmartTech\term1-simulator-windows\IMG\right_2023_11_27_13_52_02_159.jpg,0,1,0,30.19029
C:\Users\User\Downloads\SmartTech\term1-simulator-windows\IMG\center_2023_11_27_13_52_02_236.jpg,C:\Users\User\Downloads\SmartTech\term1-simulator-windows\IMG\left_2023_11_27_13_52_02_236.jpg,C:\Users\User\Downloads\SmartTech\term1-simulator-windows\IMG\right_2023_11_27_13_52_02_236.jpg,0,1,0,30.19029
C:\Users\User\Downloads\SmartTech\term1-simulator-windows\IMG\center_2023_11_27_13_52_02_310.jpg,C:\Users\User\Downloads\SmartTech\term1-simulator-windows\IMG\left_2023_11_27_13_52_02_310.jpg,C:\Users\User\Downloads\SmartTech\term1-simulator-windows\IMG\right_2023_11_27_13_52_02_310.jpg,-0.2,1,0,30.17981
C:\Users\User\Downloads\SmartTech\term1-simulator-windows\IMG\center_2023_11_27_13_52_02_378.jpg,C:\Users\User\Downloads\SmartTech\term1-simulator-windows\IMG\left_2023_11_27_13_52_02_378.jpg,C:\Users\User\Downloads\SmartTech\term1-simulator-windows\IMG\right_2023_11_27_13_52_02_378.jpg,0,1,0,30.19102
C:\Users\User\Downloads\SmartTech\term1-simulator-windows\IMG\center_2023_11_27_13_52_02_455.jpg,C:\Users\User\Downloads\SmartTech\term1-simulator-windows\IMG\left_2023_11_27_13_52_02_455.jpg,C:\Users\User\Downloads\SmartTech\term1-simulator-windows\IMG\right_2023_11_27_13_52_02_455.jpg,0,1,0,30.19016
C:\Users\User\Downloads\SmartTech\term1-simulator-windows\IMG\center_2023_11_27_13_52_02_531.jpg,C:\Users\User\Downloads\SmartTech\term1-simulator-windows\IMG\left_2023_11_27_13_52_02_531.jpg,C:\Users\User\Downloads\SmartTech\term1-simulator-windows\IMG\right_2023_11_27_13_52_02_531.jpg,0,1,0,30.19028
C:\Users\User\Downloads\SmartTech\term1-simulator-windows\IMG\center_2023_11_27_13_52_02_599.jpg,C:\Users\User\Downloads\SmartTech\term1-simulator-windows\IMG\left_2023_11_27_13_52_02_599.jpg,C:\Users\User\Downloads\SmartTech\term1-simulator-windows\IMG\right_2023_11_27_13_52_02_599.jpg,0,1,0,30.1903
C:\Users\User\Downloads\SmartTech\term1-simulator-windows\IMG\center_2023_11_27_13_52_02_669.jpg,C:\Users\User\Downloads\SmartTech\term1-simulator-windows\IMG\left_2023_11_27_13_52_02_669.jpg,C:\Users\User\Downloads\SmartTech\term1-simulator-windows\IMG\right_2023_11_27_13_52_02_669.jpg,0,1,0,30.1903
C:\Users\User\Downloads\SmartTech\term1-simulator-windows\IMG\center_2023_11_27_13_52_02_739.jpg,C:\Users\User\Downloads\SmartTech\term1-simulator-windows\IMG\left_2023_11_27_13_52_02_739.jpg,C:\Users\User\Downloads\SmartTech\term1-simulator-windows\IMG\right_2023_11_27_13_52_02_739.jpg,0,1,0,30.19029
